arm,block,seed,iteration,evaluations,bestCost,populationSpread,sigma,conditionNumber
mayfly-single,1,111001,1,5222,2073.0011622111001,2.1873342925816206,,
mayfly-single,1,111001,5,17918,1958.0333417256672,2.7969316282859271,,
mayfly-single,1,111001,8,27440,1753.0173695882161,2.561848126481217,,
mayfly-single,1,111001,10,33788,1603.5292129516602,2.3866456471204107,,
mayfly-single,1,111001,16,52832,1583.4121182759602,1.9839481941519512,,
mayfly-single,1,111001,20,65528,1534.4119110107422,1.8333624523143477,,
mayfly-single,1,111001,24,78224,1496.7655181884766,1.7093648066675948,,
mayfly-single,1,111001,32,103616,1383.8947067260742,0.67432510397375722,,
mayfly-single,1,111001,40,129008,1325.4817212422688,0.17537889115685129,,
mayfly-single,1,111001,48,154400,1245.4548149108887,0.11192647177752768,,
mayfly-single,1,111001,56,179792,1223.088623046875,0.11055443414076949,,
mayfly-single,1,111001,64,205184,1207.3511797587078,0.10240224947266667,,
mayfly-single,1,111001,72,230576,1190.7710660298665,0.13273471134431233,,
mayfly-single,1,111001,80,255968,1185.8585726420085,0.10927738873829679,,
mayfly-single,1,111001,88,281360,1183.4810638427734,0.056695787546517856,,
mayfly-single,1,111001,96,306752,1180.21812693278,0.064511221768812063,,
mayfly-single,1,111001,104,332144,1178.8164253234863,0.10384153727779223,,
mayfly-single,1,111001,112,357536,1177.2161280314128,0.086036683678749601,,
mayfly-single,1,111001,120,382928,1175.8181559244792,0.052003662819097574,,
mayfly-single,1,111001,128,408320,1175.3924166361492,0.038270270360895434,,
mayfly-single,1,111001,136,433712,1175.0686175028484,0.021987947901480415,,
mayfly-single,1,111001,144,459104,1173.8704770406086,0.068773694692360762,,
mayfly-single,1,111001,152,484496,1172.9495875040691,0.059782612269874115,,
mayfly-single,1,111001,160,509888,1172.2772814432781,0.035447348414492576,,
mayfly-single,1,111001,168,535280,1171.5712788899739,0.022353663035875968,,
mayfly-single,1,111001,176,560672,1170.824649810791,0.034287248864564336,,
mayfly-single,1,111001,184,586064,1170.2814432779949,0.024017647798564388,,
mayfly-single,1,111001,192,611456,1170.1011695861816,0.020958451449200152,,
mayfly-single,1,111001,200,636848,1169.9060846964519,0.017007172379518275,,
mayfly-single,1,111001,208,662240,1169.7237307230632,0.026458249784156229,,
mayfly-single,1,111001,216,687632,1169.4751383463542,0.014896751221916457,,
mayfly-single,1,111001,224,713024,1169.3735898335774,0.0055436504817767173,,
mayfly-single,1,111001,232,738416,1169.3199768066406,0.0041283754598523065,,
mayfly-single,1,111001,240,763808,1168.6721051534016,0.0070456945280296624,,
mayfly-single,1,111001,248,789200,1168.58411916097,0.0083252097374416408,,
mayfly-single,1,111001,255,811418,1168.5206820170085,0.010866185073183878,,
mayfly-single,1,111001,256,814592,1168.5059445699055,0.0097083299520592456,,
mayfly-single,1,111001,264,839984,1167.7714716593425,0.02124685547138877,,
mayfly-single,1,111001,272,865376,1167.5773061116536,0.013220061511995632,,
mayfly-single,1,111001,280,890768,1167.2656377156575,0.015816547975884627,,
mayfly-single,1,111001,288,916160,1167.2568028767903,0.0087958648396959469,,
mayfly-single,1,111001,296,941552,1167.143290201823,0.014528738327358938,,
mayfly-single,1,111001,304,966944,1167.1214701334636,0.0058293860355746272,,
mayfly-single,1,111001,312,992336,1167.0955390930176,0.0041947665244802205,,
mayfly-single,1,111001,320,1017728,1167.0589230855305,0.0045226949785321588,,
mayfly-single,1,111001,328,1043120,1167.0493036905925,0.0016670691004548853,,
mayfly-single,1,111001,336,1068512,1167.0368512471516,0.0031408362098592521,,
mayfly-single,1,111001,344,1093904,1167.0271924336751,0.0021606106635199676,,
mayfly-single,1,111001,352,1119296,1167.0151646931965,0.0027488504470361158,,
mayfly-single,1,111001,360,1144688,1167.0107205708821,0.0034192561651900915,,
mayfly-single,1,111001,368,1170080,1167.0025978088379,0.0025415108095184864,,
mayfly-single,1,111001,376,1195472,1166.9823710123699,0.0038992059961067953,,
mayfly-single,1,111001,384,1220864,1166.9797248840332,0.0026070379533089071,,
mayfly-single,1,111001,392,1246256,1166.6354509989421,0.062987787370485493,,
mayfly-single,1,111001,400,1271648,1165.8969866434734,0.034169657552628081,,
mayfly-single,1,111001,408,1297040,1164.2650909423828,0.021634662812749398,,
mayfly-single,1,111001,416,1322432,1163.6791699727376,0.034132022518332243,,
mayfly-single,1,111001,424,1347824,1163.5064849853516,0.016556537215390014,,
mayfly-single,1,111001,432,1373216,1163.4712982177734,0.017124280497156176,,
mayfly-single,1,111001,440,1398608,1163.3753153483074,0.0083807813812468469,,
mayfly-single,1,111001,448,1424000,1163.3490130106609,0.0063098551493206683,,
mayfly-single,1,111001,456,1449392,1163.3355611165364,0.0024873692381396483,,
mayfly-single,1,111001,464,1474784,1163.3253974914551,0.0028939422852464255,,
mayfly-single,1,111001,472,1500176,1163.3168729146321,0.0018406594447074611,,
mayfly-single,1,111001,480,1525568,1163.3106892903645,0.0016871049712721582,,
mayfly-single,1,111001,488,1550960,1163.3095207214355,0.0011166430532534393,,
mayfly-single,1,111001,496,1576352,1163.3074620564778,0.00070640100714879073,,
mayfly-single,1,111001,504,1601744,1163.3069534301758,0.0004085821629868168,,
mayfly-single,1,111001,512,1627136,1163.3069534301758,0.0005152319925245389,,
mayfly-single,1,111001,520,1652528,1163.3069534301758,0.0011070603459024863,,
mayfly-single,1,111001,528,1677920,1163.3069534301758,0.0012963091942998057,,
mayfly-single,1,111001,536,1703312,1163.3069534301758,0.0012963496456720688,,
mayfly-single,1,111001,544,1728704,1163.3069534301758,0.0012963499111225026,,
mayfly-single,1,111001,552,1754096,1163.3069534301758,0.0012963499520137803,,
mayfly-single,1,111001,560,1779488,1163.3069534301758,0.0012963499524424101,,
mayfly-single,1,111001,568,1804880,1163.3069534301758,0.0012963499652155763,,
mayfly-single,1,111001,576,1830272,1163.3069534301758,0.0012963499528281768,,
mayfly-single,1,111001,584,1855664,1163.3069534301758,0.0012963499627723868,,
mayfly-single,1,111001,592,1881056,1163.3069534301758,0.0012963499623008942,,
mayfly-single,1,111001,600,1906448,1163.3069534301758,0.001296349949141961,,
mayfly-single,1,111001,608,1931840,1163.3069534301758,0.0012963499520137803,,
mayfly-single,1,111001,616,1957232,1163.3069534301758,0.0012963499522280952,,
mayfly-single,1,111001,624,1982624,1163.3069534301758,0.0012963499522280952,,
mayfly-single,1,111001,632,2008016,1163.2865778605144,0.0013091275498211194,,
mayfly-single,1,111001,640,2033408,1163.2865778605144,0.0010363343452632282,,
mayfly-single,1,111001,648,2058800,1163.2865778605144,0.0017448982505342545,,
mayfly-single,1,111001,656,2084192,1163.2865778605144,0.0016691109531346536,,
mayfly-single,1,111001,664,2109584,1163.2865778605144,0.0016695778152598334,,
mayfly-single,1,111001,672,2134976,1163.2865778605144,0.0016695794987509984,,
mayfly-single,1,111001,680,2160368,1163.2865778605144,0.0016695797882631167,,
mayfly-single,1,111001,688,2185760,1163.2811940511067,0.0013861252704121879,,
mayfly-single,1,111001,696,2211152,1163.2797775268555,0.0016462453349052367,,
mayfly-single,1,111001,704,2236544,1163.2797775268555,0.0015625564732113836,,
mayfly-single,1,111001,712,2261936,1163.2797775268555,0.0020823603711659492,,
mayfly-single,1,111001,720,2287328,1163.2797775268555,0.0025264281956140027,,
mayfly-single,1,111001,728,2312720,1163.2781422932942,0.0023033398069307108,,
mayfly-single,1,111001,736,2338112,1163.2726262410481,0.0033951005628916169,,
mayfly-single,1,111001,744,2363504,1163.2576751708984,0.0044198363155320301,,
mayfly-single,1,111001,752,2388896,1163.256399790446,0.0020975994316011271,,
mayfly-single,1,111001,760,2414288,1163.256399790446,0.0010305134147611714,,
mayfly-single,1,111001,768,2439680,1163.256399790446,0.0016139290570137959,,
mayfly-single,1,111001,776,2465072,1163.2561836242676,0.00081718136299643938,,
mayfly-single,1,111001,784,2490464,1163.2561836242676,0.00092599349495341903,,
mayfly-single,1,111001,792,2515856,1163.2561836242676,0.00082344699782765853,,
mayfly-single,1,111001,800,2541248,1163.2561836242676,0.0007708781027732745,,
mayfly-single,1,111001,808,2566640,1163.2561836242676,0.00081634781857115111,,
mayfly-single,1,111001,816,2592032,1163.2561836242676,0.00079685904743453321,,
mayfly-single,1,111001,824,2617424,1163.2561836242676,0.00094807075223368568,,
mayfly-single,1,111001,832,2642816,1163.2561836242676,0.00096839464981391299,,
mayfly-single,1,111001,840,2668208,1163.2561836242676,0.001374950922512632,,
mayfly-single,1,111001,848,2693600,1163.2561836242676,0.0016474365396103327,,
mayfly-single,1,111001,856,2718992,1163.2561836242676,0.0014340067784212969,,
mayfly-single,1,111001,864,2744384,1163.2561836242676,0.0014383912720514016,,
mayfly-single,1,111001,872,2769776,1163.2561836242676,0.0015564868985279286,,
mayfly-single,1,111001,880,2795168,1163.2561836242676,0.0018910099666833314,,
mayfly-single,1,111001,888,2820560,1163.2561836242676,0.0019876733599069772,,
mayfly-single,1,111001,896,2845952,1163.2561836242676,0.0021277426521513366,,
mayfly-single,1,111001,904,2871344,1163.2561836242676,0.0022849799280294991,,
mayfly-single,1,111001,912,2896736,1163.2561836242676,0.0025618561970610259,,
mayfly-single,1,111001,920,2922128,1163.2561836242676,0.0029957219213842261,,
mayfly-single,1,111001,928,2947520,1163.2561836242676,0.0033605472856817285,,
mayfly-single,1,111001,936,2972912,1163.2561836242676,0.0033605472856817285,,
mayfly-single,1,111001,944,2998304,1163.2561836242676,0.0033605472856817285,,
mayfly-single,1,111001,952,3023696,1163.2561836242676,0.0033605472856817285,,
mayfly-single,1,111001,960,3049088,1163.2561836242676,0.0033605472856817285,,
mayfly-single,1,111001,968,3074480,1163.2561836242676,0.0033605472856817285,,
mayfly-single,1,111001,976,3099872,1163.2561836242676,0.0033605472856817285,,
mayfly-single,1,111001,984,3125264,1163.2561836242676,0.0033605472856817285,,
mayfly-single,1,111001,992,3150656,1163.2561836242676,0.0033605472856817285,,
mayfly-single,1,111001,1000,3176048,1163.2561836242676,0.0033605472856817285,,
mayfly-single,1,111001,1008,3201440,1163.2561836242676,0.0033605472856817285,,
mayfly-single,1,111001,1016,3226832,1163.2561836242676,0.0033605472856817285,,
mayfly-single,1,111001,1024,3252224,1163.2561836242676,0.0033605472856817285,,
mayfly-single,1,111001,1032,3277616,1163.2561836242676,0.0033605472856817285,,
mayfly-single,1,111001,1040,3303008,1163.2561836242676,0.0033605472856817285,,
mayfly-single,1,111001,1048,3328400,1163.2561836242676,0.0033605472856817285,,
mayfly-single,1,111001,1056,3353792,1163.2561836242676,0.0033605472856817285,,
mayfly-single,1,111001,1064,3379184,1163.2561836242676,0.0033605472856817285,,
mayfly-single,1,111001,1072,3404576,1163.2482528686523,0.0027271129306107107,,
mayfly-single,1,111001,1080,3429968,1163.2482528686523,0.0017846449284597222,,
mayfly-single,1,111001,1088,3455360,1163.2471631368001,0.0034285179920910259,,
mayfly-single,1,111001,1096,3480752,1163.2469622294109,0.0030965679606109052,,
mayfly-single,1,111001,1104,3506144,1163.2468070983887,0.0020628914691433638,,
mayfly-single,1,111001,1112,3531536,1163.2468070983887,0.0017555131132519887,,
mayfly-single,1,111001,1120,3556928,1163.2199325561523,0.0037175704753147072,,
mayfly-single,1,111001,1128,3582320,1163.2162488301594,0.0054005143810941618,,
mayfly-single,1,111001,1136,3607712,1163.2162488301594,0.0036263393108877631,,
mayfly-single,1,111001,1144,3633104,1163.2162488301594,0.0034988528580322626,,
mayfly-single,1,111001,1152,3658496,1163.2160326639812,0.0036161306225360266,,
mayfly-single,1,111001,1160,3683888,1163.2160326639812,0.0016844923503253786,,
mayfly-single,1,111001,1168,3709280,1163.2160326639812,0.001944658080783971,,
mayfly-single,1,111001,1176,3734672,1163.2160326639812,0.0020136016319292475,,
mayfly-single,1,111001,1184,3760064,1163.2160326639812,0.0027311524862708649,,
mayfly-single,1,111001,1192,3785456,1163.2160326639812,0.0032836331546064871,,
mayfly-single,1,111001,1200,3810848,1163.2160326639812,0.0032836331546064871,,
mayfly-single,1,111001,1208,3836240,1163.2160326639812,0.0032836331546064871,,
mayfly-single,1,111001,1216,3861632,1163.2160326639812,0.0032836331546064871,,
mayfly-single,1,111001,1224,3887024,1163.2160326639812,0.0032836331546064871,,
mayfly-single,1,111001,1232,3912416,1163.2160326639812,0.0032836331546064871,,
mayfly-single,1,111001,1240,3937808,1163.2160326639812,0.0032836331546064871,,
mayfly-single,1,111001,1248,3963200,1163.2160326639812,0.0032836331546064871,,
mayfly-single,1,111001,1256,3988592,1163.2160326639812,0.0032836331546064871,,
mayfly-single,1,111001,1264,4013984,1163.2160326639812,0.0032836331546064871,,
mayfly-single,1,111001,1272,4039376,1163.2160326639812,0.0032836331546064871,,
mayfly-single,1,111001,1280,4064768,1163.2160326639812,0.0032836331546064871,,
mayfly-single,1,111001,1288,4090160,1163.2160326639812,0.0032836331546064871,,
mayfly-single,1,111001,1296,4115552,1163.2160326639812,0.0032836331546064871,,
mayfly-single,1,111001,1304,4140944,1163.2160326639812,0.0032836331546064871,,
mayfly-single,1,111001,1312,4166336,1163.2160326639812,0.0032836331546064871,,
mayfly-single,1,111001,1320,4191728,1163.2160326639812,0.0032836331546064871,,
mayfly-single,1,111001,1328,4217120,1163.2160326639812,0.0032836331546064871,,
mayfly-single,1,111001,1336,4242512,1163.2160326639812,0.0032836331546064871,,
mayfly-single,1,111001,1344,4267904,1163.2160326639812,0.0032836331546064871,,
mayfly-single,1,111001,1352,4293296,1163.2160326639812,0.0032836331546064871,,
mayfly-single,1,111001,1360,4318688,1163.2160326639812,0.0032836331546064871,,
mayfly-single,1,111001,1368,4344080,1163.2155749003093,0.0035581053140956837,,
mayfly-single,1,111001,1376,4369472,1163.2155749003093,0.0031282380417739304,,
mayfly-single,1,111001,1384,4394864,1163.2155749003093,0.0038668172106420058,,
mayfly-single,1,111001,1392,4420256,1163.2155749003093,0.0043551534062079757,,
mayfly-single,1,111001,1400,4445648,1163.2155698140461,0.0035743724492698324,,
mayfly-single,1,111001,1408,4471040,1163.2155698140461,0.0026354158303577933,,
mayfly-single,1,111001,1416,4496432,1163.2148183186848,0.0036497254136181345,,
mayfly-single,1,111001,1424,4521824,1163.2148183186848,0.0026108248624775805,,
mayfly-single,1,111001,1432,4547216,1163.2148183186848,0.0015690682798454156,,
mayfly-single,1,111001,1440,4572608,1163.2148183186848,0.0026409688480269248,,
mayfly-single,1,111001,1448,4598000,1163.2148183186848,0.0031327930519007966,,
mayfly-single,1,111001,1456,4623392,1163.2148183186848,0.0031349472923303113,,
mayfly-single,1,111001,1464,4648784,1163.2148183186848,0.0031349556127729006,,
mayfly-single,1,111001,1472,4674176,1163.2148183186848,0.0031349570228779294,,
mayfly-single,1,111001,1480,4699568,1163.2148183186848,0.0031349572512930123,,
mayfly-single,1,111001,1488,4724960,1163.2148183186848,0.0031349572896487363,,
mayfly-single,1,111001,1496,4750352,1163.2148183186848,0.0031349572931759031,,
mayfly-single,1,111001,1504,4775744,1163.2148183186848,0.0031349572972170794,,
mayfly-single,1,111001,1512,4801136,1163.2148183186848,0.0031349572926618941,,
mayfly-single,1,111001,1520,4826528,1163.2148183186848,0.0031349572926796182,,
mayfly-single,1,111001,1528,4851920,1163.2148183186848,0.0031349572969689367,,
mayfly-single,1,111001,1536,4877312,1163.2148183186848,0.0031349572952851135,,
mayfly-single,1,111001,1544,4902704,1163.2148183186848,0.0031349572947179309,,
mayfly-single,1,111001,1552,4928096,1163.2148183186848,0.0031349572944343396,,
mayfly-single,1,111001,1560,4953488,1163.2148183186848,0.0031349572944343396,,
mayfly-single,1,111001,1568,4978880,1163.2148183186848,0.0031349572944343396,,
mayfly-single,1,111001,1576,5004272,1163.2148183186848,0.0031349572944343396,,
mayfly-single,1,111001,1584,5029664,1163.0391705830891,0.0031394633721704016,,
mayfly-single,1,111001,1592,5055056,1163.0391705830891,0.0026976748391286764,,
mayfly-single,1,111001,1600,5080448,1163.0391705830891,0.0034404668272636166,,
mayfly-single,1,111001,1608,5105840,1163.0391705830891,0.0034406113812788085,,
mayfly-single,1,111001,1616,5131232,1163.0319112141926,0.0044594827874331238,,
mayfly-single,1,111001,1624,5156624,1163.0311431884766,0.0028989716665005407,,
mayfly-single,1,111001,1632,5182016,1163.0311431884766,0.002367000279852316,,
mayfly-single,1,111001,1640,5207408,1163.0311431884766,0.0025681533997143095,,
mayfly-single,1,111001,1648,5232800,1163.0311431884766,0.0025681533997143095,,
mayfly-single,1,111001,1656,5258192,1163.0311431884766,0.0025681533997143095,,
mayfly-single,1,111001,1664,5283584,1163.0311431884766,0.0025681533997143095,,
mayfly-single,1,111001,1672,5308976,1163.0311431884766,0.0025681533997143095,,
mayfly-single,1,111001,1680,5334368,1163.0311431884766,0.0025681533997143095,,
mayfly-single,1,111001,1688,5359760,1163.0311431884766,0.0025681533997143095,,
mayfly-single,1,111001,1696,5385152,1163.0311431884766,0.0025681533997143095,,
mayfly-single,1,111001,1704,5410544,1163.0311431884766,0.0025681533997143095,,
mayfly-single,1,111001,1712,5435936,1163.0034344991047,0.0025889124563975375,,
mayfly-single,1,111001,1720,5461328,1163.0034344991047,0.0023099357931933026,,
mayfly-single,1,111001,1728,5486720,1163.0034344991047,0.0024678823468034143,,
mayfly-single,1,111001,1736,5512112,1163.0034344991047,0.0024678823468034143,,
mayfly-single,1,111001,1744,5537504,1163.0034344991047,0.0024678823468034143,,
mayfly-single,1,111001,1752,5562896,1163.0034344991047,0.0024678823468034143,,
mayfly-single,1,111001,1760,5588288,1163.0034344991047,0.0024678823468034143,,
mayfly-single,1,111001,1768,5613680,1163.0034344991047,0.0024678823468034143,,
mayfly-single,1,111001,1776,5639072,1163.0034344991047,0.0024678823468034143,,
mayfly-single,1,111001,1784,5664464,1163.0034344991047,0.0024678823468034143,,
mayfly-single,1,111001,1792,5689856,1163.0034344991047,0.0024678823468034143,,
mayfly-single,1,111001,1800,5715248,1163.0034344991047,0.0024678823468034143,,
mayfly-single,1,111001,1808,5740640,1163.0034344991047,0.0024678823468034143,,
mayfly-single,1,111001,1816,5766032,1163.0034344991047,0.0024678823468034143,,
mayfly-single,1,111001,1824,5791424,1163.0034344991047,0.0024678823468034143,,
mayfly-single,1,111001,1832,5816816,1163.0034344991047,0.0024678823468034143,,
mayfly-single,1,111001,1840,5842208,1163.0034344991047,0.0024678823468034143,,
mayfly-single,1,111001,1848,5867600,1163.0034344991047,0.0024678823468034143,,
mayfly-single,1,111001,1856,5892992,1163.0034344991047,0.0024678823468034143,,
mayfly-single,1,111001,1864,5918384,1163.0034344991047,0.0024678823468034143,,
mayfly-single,1,111001,1872,5943776,1163.0034344991047,0.0024678823468034143,,
mayfly-single,1,111001,1880,5969168,1163.0034344991047,0.0024678823468034143,,
mayfly-single,1,111001,1888,5994560,1163.0034344991047,0.0024678823468034143,,
mayfly-single,1,111001,1896,6019952,1163.0034344991047,0.0024678823468034143,,
mayfly-single,1,111001,1904,6045344,1163.0034344991047,0.0024678823468034143,,
mayfly-single,1,111001,1912,6070736,1163.0034344991047,0.0024678823468034143,,
mayfly-single,1,111001,1920,6096128,1163.0034344991047,0.0024678823468034143,,
mayfly-single,1,111001,1928,6121520,1163.0034344991047,0.0024678823468034143,,
mayfly-single,1,111001,1936,6146912,1163.0034344991047,0.0024678823468034143,,
mayfly-single,1,111001,1944,6172304,1163.0034344991047,0.0024678823468034143,,
mayfly-single,1,111001,1952,6197696,1163.0034344991047,0.0024678823468034143,,
mayfly-single,1,111001,1960,6223088,1163.0034344991047,0.0024678823468034143,,
mayfly-single,1,111001,1968,6248480,1163.0034344991047,0.0024678823468034143,,
mayfly-single,1,111001,1976,6273872,1163.0034344991047,0.0024678823468034143,,
mayfly-single,1,111001,1984,6299264,1163.0034344991047,0.0024678823468034143,,
mayfly-single,1,111001,1992,6324656,1163.0034344991047,0.0024678823468034143,,
mayfly-single,1,111001,2000,6350048,1163.0034344991047,0.0024678823468034143,,
mayfly-single,1,111001,2008,6375440,1163.0034344991047,0.0024678823468034143,,
mayfly-single,1,111001,2016,6400832,1163.0034344991047,0.0024678823468034143,,
mayfly-single,1,111001,2024,6426224,1163.0034344991047,0.0024678823468034143,,
mayfly-single,1,111001,2032,6451616,1163.0034344991047,0.0024678823468034143,,
mayfly-single,1,111001,2040,6477008,1163.0034344991047,0.0024678823468034143,,
mayfly-single,1,111001,2048,6502400,1163.0034344991047,0.0024678823468034143,,
mayfly-r16,1,111001,1,5222,2073.0011622111001,2.1873342925816206,,
mayfly-r16,1,111001,8,27440,1753.0173695882161,2.561848126481217,,
mayfly-r16,1,111001,17,56006,1534.4119110107422,1.9363729371644074,,
mayfly-r16,1,111001,24,78224,1496.7655181884766,1.7093648066675948,,
mayfly-r16,1,111001,32,103616,1383.8947067260742,0.67432510397375722,,
mayfly-r16,1,111001,40,129008,1325.4817212422688,0.17537889115685129,,
mayfly-r16,1,111001,48,154400,1245.4548149108887,0.11192647177752768,,
mayfly-r16,1,111001,56,179792,1223.088623046875,0.11055443414076949,,
mayfly-r16,1,111001,64,205184,1207.3511797587078,0.10240224947266667,,
mayfly-r16,1,111001,72,230576,1190.7710660298665,0.13273471134431233,,
mayfly-r16,1,111001,80,255968,1185.8585726420085,0.10927738873829679,,
mayfly-r16,1,111001,88,281360,1183.4810638427734,0.056695787546517856,,
mayfly-r16,1,111001,97,309926,1179.6663347880046,0.097729729411099142,,
mayfly-r16,1,111001,105,335318,1178.6013488769531,0.084908107119942913,,
mayfly-r16,1,111001,113,360710,1177.1946067810059,0.079610948744438484,,
mayfly-r16,1,111001,122,389276,1175.7669893900554,0.041487741708328064,,
mayfly-r16,1,111001,235,749986,1171.3354937235515,0.156621745830269,,
mayfly-r16,1,111001,239,762682,1142.8955612182617,0.17003374006926866,,
mayfly-r16,1,111001,247,788074,1124.600207010905,0.15917812120594035,,
mayfly-r16,1,111001,255,813466,1115.3271636962891,0.13128389193172005,,
mayfly-r16,1,111001,1084,3459048,1089.2865537007649,0.14777843044405392,,
mayfly-r16,1,111001,1091,3481266,1027.4914766947429,0.13857332539816111,,
mayfly-r16,1,111001,1099,3506658,997.23720296223962,0.11590474615048925,,
mayfly-r16,1,111001,1107,3532050,987.7984402974447,0.10607758363127857,,
mayfly-r16,1,111001,1115,3557442,980.57434209187829,0.082172485250953248,,
mayfly-r16,1,111001,1124,3586008,976.79029210408532,0.052902177438711832,,
mayfly-r16,1,111001,1131,3608226,974.88804626464844,0.066340559016470305,,
mayfly-r16,1,111001,1139,3633618,972.26077651977539,0.083243057834445106,,
mayfly-r16,1,111001,1147,3659010,970.90033594767249,0.072115771877097001,,
mayfly-r16,1,111001,1616,5155808,970.1944478352865,0.085493045494882777,,
mayfly-r16,1,111001,1617,5158982,969.15620295206702,0.078679338360890069,,
mayfly-r16,1,111001,1626,5187548,963.26647567749023,0.056652312056356159,,
mayfly-r16,1,111001,1633,5209766,961.76153055826819,0.042249324397454539,,
mayfly-r16,1,111001,1642,5238332,960.43277359008789,0.039331308170546211,,
mayfly-r16,1,111001,1649,5260550,959.81574630737305,0.029459207950342629,,
mayfly-r16,1,111001,1657,5285942,959.48981730143225,0.037874016535823118,,
mayfly-r16,1,111001,1663,5304986,959.26223754882812,0.023482781640596098,,
cmaes-single,1,111001,1,1024,17388.415322621662,,0.28721553943396272,1.1159929067231362
cmaes-single,1,111001,5,5120,2801.6680285135903,,0.38228161713046671,1.8933204842774998
cmaes-single,1,111001,10,10240,2211.7227045694985,,0.7066011981952024,2.6954569674564444
cmaes-single,1,111001,20,20480,1871.0012817382812,,0.78762274318849601,3.1658222035133661
cmaes-single,1,111001,25,25600,1871.0012817382812,,0.7524858558092562,3.2465303601986624
cmaes-single,1,111001,40,40960,1812.9500910441081,,0.6533180136512885,4.6654931107552544
cmaes-single,1,111001,50,51200,1655.1579615275066,,0.58514588265509682,5.3647494509423241
cmaes-single,1,111001,75,76800,1581.4470761617024,,0.44600122721524527,7.1939324599047811
cmaes-single,1,111001,80,81920,1581.4470761617024,,0.41253122577658224,7.8146240396425855
cmaes-single,1,111001,100,102400,1486.6555887858074,,0.37834343024246708,24.807444585529801
cmaes-single,1,111001,125,128000,1418.8303337097168,,0.35216882306550173,57.761948024903532
cmaes-single,1,111001,149,152576,1381.3376108805339,,0.38787317742480615,258.778587688573
cmaes-single,1,111001,160,163840,1362.3163274129231,,0.40281525769269483,439.83834863764145
cmaes-single,1,111001,174,178176,1325.6680246988933,,0.39019886567206274,738.94472798413278
cmaes-single,1,111001,199,203776,1285.430965423584,,0.4173679717508037,1176.1896615590747
cmaes-single,1,111001,224,229376,1222.619686126709,,0.46899960965065807,1760.7114817227639
cmaes-single,1,111001,249,254976,1166.7141024271648,,0.57605480873828185,3204.1722803718353
cmaes-single,1,111001,255,261120,1135.2002792358398,,0.63441369488704802,3771.8381257865608
cmaes-single,1,111001,273,279552,1104.8423309326172,,0.6317899478995419,4125.8595183493171
cmaes-single,1,111001,298,305152,1065.3084780375164,,0.66064123534616204,5269.9944919797163
cmaes-single,1,111001,323,330752,1035.0683809916179,,0.73146787433734151,7584.8046694902923
cmaes-single,1,111001,348,356352,1011.799378712972,,1.1628915629787799,8043.9616571216502
cmaes-single,1,111001,373,381952,988.4908777872721,,1.058303590848866,10555.567795918258
cmaes-single,1,111001,397,406528,965.53936386108398,,1.3682973702754535,20004.081807893883
cmaes-single,1,111001,422,432128,940.40614064534509,,1.6722394048729061,7530.451146486992
cmaes-single,1,111001,447,457728,929.43830998738611,,1.4412113650650407,7600.0741990253255
cmaes-single,1,111001,472,483328,920.68233871459961,,1.7442063999324526,10619.493426964398
cmaes-single,1,111001,497,508928,916.75881195068359,,1.6228889407636018,15219.268956182163
cmaes-single,1,111001,521,533504,913.63579686482751,,1.3503042179976397,26049.536102215032
cmaes-single,1,111001,546,559104,913.1734949747721,,1.2602755772105581,44109.427968838696
cmaes-single,1,111001,571,584704,912.66681543985999,,1.2010433309533488,122045.60892348677
cmaes-single,1,111001,596,610304,912.22276560465491,,1.0478908780793648,307090.36543577729
cmaes-single,1,111001,621,635904,912.10223642985022,,1.0666225414265342,607477.90643773647
cmaes-single,1,111001,645,660480,911.84264882405603,,0.92432203259526091,963383.64675135072
cmaes-single,1,111001,670,686080,911.77861913045251,,0.82256780810869012,1501270.7460705771
cmaes-single,1,111001,695,711680,911.68539301554358,,0.79725918420726616,2080507.8186428456
cmaes-single,1,111001,720,737280,911.62182998657227,,0.81656362779664149,4156107.9452362922
cmaes-single,1,111001,745,762880,911.50388209025061,,0.72772014004921737,6026951.5215753866
cmaes-single,1,111001,769,787456,911.45518620808923,,0.72335878094762107,10469843.380011898
cmaes-single,1,111001,794,813056,911.42973709106445,,0.72071336678218001,24733851.595486231
cmaes-single,1,111001,819,838656,911.34763971964514,,0.72809661576442375,44748513.61841204
cmaes-single,1,111001,844,864256,911.29251098632812,,0.89474723108329468,65290003.106067546
cmaes-single,1,111001,869,889856,911.27102279663086,,0.90399561417775232,118982471.05021749
cmaes-single,1,111001,893,914432,911.25617090860999,,0.86145718185518305,182617058.87192893
cmaes-single,1,111001,918,940032,911.24441528320312,,0.9377543637609036,255655316.52289721
cmaes-single,1,111001,943,965632,911.24237187703454,,0.96736002919555797,459175615.68100536
cmaes-single,1,111001,968,991232,911.23749796549475,,0.92173406050449092,1459610234.7946987
cmaes-single,1,111001,993,1016832,911.23214213053382,,0.94096724080241445,2677362775.2310586
cmaes-single,1,111001,1017,1041408,911.22966639200843,,0.88588038257812907,5059391055.5539179
cmaes-single,1,111001,1042,1067008,911.22380574544275,,0.98089594692616744,12565823959.096512
cmaes-single,1,111001,1067,1092608,911.22289148966468,,0.8995796548835302,20056008623.133041
cmaes-single,1,111001,1092,1118208,911.22253672281897,,0.95109243132352395,29927260055.634068
cmaes-single,1,111001,1117,1143808,911.22253672281897,,0.946282550072305,42548953919.692116
cmaes-single,1,111001,1142,1169408,911.22253672281897,,0.90511503890995038,49136941440.236977
cmaes-single,1,111001,1166,1193984,911.22253672281897,,0.89157113611511152,57746270229.19281
cmaes-single,1,111001,1191,1219584,911.22232818603516,,0.75053552020724457,67514793608.491638
cmaes-single,1,111001,1216,1245184,911.22232818603516,,0.69232024718656815,78964825486.374176
cmaes-single,1,111001,1241,1270784,911.22232818603516,,0.62544822853611248,87831828198.928314
cmaes-single,1,111001,1266,1296384,911.22232818603516,,0.63143337526526799,100464753121.96516
cmaes-single,1,111001,1290,1320960,911.22232818603516,,0.68385042303666566,102885515565.47208
cmaes-single,1,111001,1315,1346560,911.22232818603516,,0.74819304872539982,108230751143.84877
cmaes-single,1,111001,1340,1372160,911.22232818603516,,0.76281912883506064,115983010464.63477
cmaes-single,1,111001,1365,1397760,911.22232818603516,,0.75757217156494583,121185733431.5442
cmaes-single,1,111001,1390,1423360,911.22232818603516,,0.73244596357647784,119538849005.86621
cmaes-single,1,111001,1408,1441792,911.22232818603516,,0.61896555022316668,131285690090.84174
cmaes-ipop,1,111001,1,1024,17388.415322621662,,0.28721553943396272,1.1159929067231362
cmaes-ipop,1,111001,5,5120,2801.6680285135903,,0.38228161713046671,1.8933204842774998
cmaes-ipop,1,111001,10,10240,2211.7227045694985,,0.7066011981952024,2.6954569674564444
cmaes-ipop,1,111001,20,20480,1871.0012817382812,,0.78762274318849601,3.1658222035133661
cmaes-ipop,1,111001,25,25600,1871.0012817382812,,0.7524858558092562,3.2465303601986624
cmaes-ipop,1,111001,40,40960,1812.9500910441081,,0.6533180136512885,4.6654931107552544
cmaes-ipop,1,111001,50,51200,1655.1579615275066,,0.58514588265509682,5.3647494509423241
cmaes-ipop,1,111001,75,76800,1581.4470761617024,,0.44600122721524527,7.1939324599047811
cmaes-ipop,1,111001,80,81920,1581.4470761617024,,0.41253122577658224,7.8146240396425855
cmaes-ipop,1,111001,100,102400,1486.6555887858074,,0.37834343024246708,24.807444585529801
cmaes-ipop,1,111001,125,128000,1418.8303337097168,,0.35216882306550173,57.761948024903532
cmaes-ipop,1,111001,149,152576,1381.3376108805339,,0.38787317742480615,258.778587688573
cmaes-ipop,1,111001,160,163840,1362.3163274129231,,0.40281525769269483,439.83834863764145
cmaes-ipop,1,111001,174,178176,1325.6680246988933,,0.39019886567206274,738.94472798413278
cmaes-ipop,1,111001,199,203776,1285.430965423584,,0.4173679717508037,1176.1896615590747
cmaes-ipop,1,111001,224,229376,1222.619686126709,,0.46899960965065807,1760.7114817227639
cmaes-ipop,1,111001,249,254976,1166.7141024271648,,0.57605480873828185,3204.1722803718353
cmaes-ipop,1,111001,255,261120,1135.2002792358398,,0.63441369488704802,3771.8381257865608
cmaes-ipop,1,111001,273,279552,1104.8423309326172,,0.6317899478995419,4125.8595183493171
cmaes-ipop,1,111001,298,305152,1065.3084780375164,,0.66064123534616204,5269.9944919797163
cmaes-ipop,1,111001,323,330752,1035.0683809916179,,0.73146787433734151,7584.8046694902923
cmaes-ipop,1,111001,348,356352,1011.799378712972,,1.1628915629787799,8043.9616571216502
cmaes-ipop,1,111001,373,381952,988.4908777872721,,1.058303590848866,10555.567795918258
cmaes-ipop,1,111001,397,406528,965.53936386108398,,1.3682973702754535,20004.081807893883
cmaes-ipop,1,111001,422,432128,940.40614064534509,,1.6722394048729061,7530.451146486992
cmaes-ipop,1,111001,447,457728,929.43830998738611,,1.4412113650650407,7600.0741990253255
cmaes-ipop,1,111001,472,483328,920.68233871459961,,1.7442063999324526,10619.493426964398
cmaes-ipop,1,111001,497,508928,916.75881195068359,,1.6228889407636018,15219.268956182163
cmaes-ipop,1,111001,521,533504,913.63579686482751,,1.3503042179976397,26049.536102215032
cmaes-ipop,1,111001,546,559104,913.1734949747721,,1.2602755772105581,44109.427968838696
cmaes-ipop,1,111001,571,584704,912.66681543985999,,1.2010433309533488,122045.60892348677
cmaes-ipop,1,111001,596,610304,912.22276560465491,,1.0478908780793648,307090.36543577729
cmaes-ipop,1,111001,621,635904,912.10223642985022,,1.0666225414265342,607477.90643773647
cmaes-ipop,1,111001,645,660480,911.84264882405603,,0.92432203259526091,963383.64675135072
cmaes-ipop,1,111001,670,686080,911.77861913045251,,0.82256780810869012,1501270.7460705771
cmaes-ipop,1,111001,695,711680,911.68539301554358,,0.79725918420726616,2080507.8186428456
cmaes-ipop,1,111001,720,737280,911.62182998657227,,0.81656362779664149,4156107.9452362922
cmaes-ipop,1,111001,745,762880,911.50388209025061,,0.72772014004921737,6026951.5215753866
cmaes-ipop,1,111001,769,787456,911.45518620808923,,0.72335878094762107,10469843.380011898
cmaes-ipop,1,111001,794,813056,911.42973709106445,,0.72071336678218001,24733851.595486231
cmaes-ipop,1,111001,819,838656,911.34763971964514,,0.72809661576442375,44748513.61841204
cmaes-ipop,1,111001,844,864256,911.29251098632812,,0.89474723108329468,65290003.106067546
cmaes-ipop,1,111001,869,889856,911.27102279663086,,0.90399561417775232,118982471.05021749
cmaes-ipop,1,111001,893,914432,911.25617090860999,,0.86145718185518305,182617058.87192893
cmaes-ipop,1,111001,918,940032,911.24441528320312,,0.9377543637609036,255655316.52289721
cmaes-ipop,1,111001,943,965632,911.24237187703454,,0.96736002919555797,459175615.68100536
cmaes-ipop,1,111001,968,991232,911.23749796549475,,0.92173406050449092,1459610234.7946987
cmaes-ipop,1,111001,993,1016832,911.23214213053382,,0.94096724080241445,2677362775.2310586
cmaes-ipop,1,111001,1017,1041408,911.22966639200843,,0.88588038257812907,5059391055.5539179
cmaes-ipop,1,111001,1042,1067008,911.22380574544275,,0.98089594692616744,12565823959.096512
cmaes-ipop,1,111001,1067,1092608,911.22289148966468,,0.8995796548835302,20056008623.133041
cmaes-ipop,1,111001,1092,1118208,911.22253672281897,,0.95109243132352395,29927260055.634068
cmaes-ipop,1,111001,1117,1143808,911.22253672281897,,0.946282550072305,42548953919.692116
cmaes-ipop,1,111001,1142,1169408,911.22253672281897,,0.90511503890995038,49136941440.236977
cmaes-ipop,1,111001,1166,1193984,911.22253672281897,,0.89157113611511152,57746270229.19281
cmaes-ipop,1,111001,1191,1219584,911.22232818603516,,0.75053552020724457,67514793608.491638
cmaes-ipop,1,111001,1216,1245184,911.22232818603516,,0.69232024718656815,78964825486.374176
cmaes-ipop,1,111001,1241,1270784,911.22232818603516,,0.62544822853611248,87831828198.928314
cmaes-ipop,1,111001,1266,1296384,911.22232818603516,,0.63143337526526799,100464753121.96516
cmaes-ipop,1,111001,1290,1320960,911.22232818603516,,0.68385042303666566,102885515565.47208
cmaes-ipop,1,111001,1315,1346560,911.22232818603516,,0.74819304872539982,108230751143.84877
cmaes-ipop,1,111001,1340,1372160,911.22232818603516,,0.76281912883506064,115983010464.63477
cmaes-ipop,1,111001,1365,1397760,911.22232818603516,,0.75757217156494583,121185733431.5442
cmaes-ipop,1,111001,1390,1423360,911.22232818603516,,0.73244596357647784,119538849005.86621
cmaes-ipop,1,111001,1411,1447936,911.22232818603516,,0.46026085493385882,2.2047058751900788
cmaes-ipop,1,111001,1424,1474560,911.22232818603516,,0.65651411503600343,6.3470490403481463
cmaes-ipop,1,111001,1436,1499136,911.22232818603516,,0.68618308169865994,11.125565368096002
cmaes-ipop,1,111001,1449,1525760,911.22232818603516,,0.68003234785912992,10.943693161374151
cmaes-ipop,1,111001,1461,1550336,911.22232818603516,,0.67068183662237257,11.308481735548433
cmaes-ipop,1,111001,1473,1574912,911.22232818603516,,0.65205016152835216,17.438582136762111
cmaes-ipop,1,111001,1486,1601536,911.22232818603516,,0.70407951038438177,67.094769977762184
cmaes-ipop,1,111001,1498,1626112,911.22232818603516,,0.78276797435396595,143.54787264365265
cmaes-ipop,1,111001,1511,1652736,911.22232818603516,,0.8542018523613073,202.95292116473468
cmaes-ipop,1,111001,1523,1677312,911.22232818603516,,0.91434644318405833,391.39361054956555
cmaes-ipop,1,111001,1535,1701888,911.22232818603516,,0.9730259832163517,706.48874497474435
cmaes-ipop,1,111001,1548,1728512,911.22232818603516,,1.0769849383833874,1058.0520883723316
cmaes-ipop,1,111001,1560,1753088,911.22232818603516,,1.2248651541188758,1197.5976049137018
cmaes-ipop,1,111001,1573,1779712,911.22232818603516,,1.5013411155375005,1697.7014191358689
cmaes-ipop,1,111001,1585,1804288,911.22232818603516,,1.6606434759584785,2065.3187949058351
cmaes-ipop,1,111001,1597,1828864,911.22232818603516,,1.9259612042814516,2612.790919307889
cmaes-ipop,1,111001,1610,1855488,911.22232818603516,,2.3137092112516711,2790.0541536199235
cmaes-ipop,1,111001,1622,1880064,911.22232818603516,,2.9181388540949698,2559.3764604264702
cmaes-ipop,1,111001,1635,1906688,911.22232818603516,,3.4370474623685219,2960.1070742666061
cmaes-ipop,1,111001,1647,1931264,911.22232818603516,,3.830167903892312,4069.6588710861797
cmaes-ipop,1,111001,1659,1955840,911.22232818603516,,4.3489878647594571,10005.47141312217
cmaes-ipop,1,111001,1672,1982464,911.22232818603516,,4.9548815364240602,22705.917008596625
cmaes-ipop,1,111001,1684,2007040,911.22232818603516,,5.5378377983817817,32386.061226451478
cmaes-ipop,1,111001,1697,2033664,911.22232818603516,,6.2231048232618367,44533.712190392092
cmaes-ipop,1,111001,1709,2058240,909.37510935465491,,6.7624237996941785,61034.820868120005
cmaes-ipop,1,111001,1721,2082816,902.54684829711914,,7.5220811496580549,93967.69344796268
cmaes-ipop,1,111001,1734,2109440,899.89742914835608,,11.308593548842282,148156.33597937561
cmaes-ipop,1,111001,1746,2134016,895.55303955078125,,15.167427928734318,170148.30636854062
cmaes-ipop,1,111001,1759,2160640,891.35385131835938,,19.477938735327665,203989.46706949826
cmaes-ipop,1,111001,1771,2185216,888.97558975219727,,19.775733818056537,295260.80464789149
cmaes-ipop,1,111001,1784,2211840,886.28913497924805,,21.080243137929269,392376.68491461844
cmaes-ipop,1,111001,1796,2236416,884.62245051066077,,21.41761129696139,602795.43492186279
cmaes-ipop,1,111001,1808,2260992,883.65412394205725,,25.84461915339601,859844.06185897975
cmaes-ipop,1,111001,1821,2287616,882.89836502075195,,34.604332793816027,745559.9743657643
cmaes-ipop,1,111001,1833,2312192,881.70803960164392,,48.569140952983872,505180.99908550765
cmaes-ipop,1,111001,1846,2338816,880.93759791056311,,72.963273778395603,371604.56759075308
cmaes-ipop,1,111001,1858,2363392,879.784922281901,,74.444334532194702,384919.05078124336
cmaes-ipop,1,111001,1870,2387968,878.72153345743811,,71.044915545208639,529751.69553598366
cmaes-ipop,1,111001,1883,2414592,877.70172246297204,,70.064641004620654,763210.78289277712
cmaes-ipop,1,111001,1895,2439168,877.65534210205078,,70.220642015626723,994493.97140077315
cmaes-ipop,1,111001,1908,2465792,877.58350499471032,,71.883288911802126,1295144.8716603599
cmaes-ipop,1,111001,1920,2490368,877.30122502644861,,75.053413642521434,1537367.2109733191
cmaes-ipop,1,111001,1932,2514944,877.10682042439782,,74.024206074937325,1681784.3718701063
cmaes-ipop,1,111001,1945,2541568,876.79548136393225,,71.429707877533602,1935883.3966112987
cmaes-ipop,1,111001,1957,2566144,876.62236277262366,,72.522486193672506,2091775.6787612524
cmaes-ipop,1,111001,1970,2592768,876.33295949300134,,73.502208804788225,2927407.2038165284
cmaes-ipop,1,111001,1982,2617344,876.01935450235999,,77.208293061826339,4018927.7117672586
cmaes-ipop,1,111001,1994,2641920,875.89896011352539,,81.627800275768749,4387055.9681035997
cmaes-ipop,1,111001,2007,2668544,875.74301910400391,,86.472516363125663,5299524.9999681702
cmaes-ipop,1,111001,2019,2693120,875.69646962483728,,85.233829142078207,6061041.5304284142
cmaes-ipop,1,111001,2029,2713600,875.63171641031897,,83.804453349337294,7222279.4357968038
