arm,block,seed,iteration,evaluations,bestCost,populationSpread,sigma,conditionNumber,distributionExtent,restart
warm-s020,1,115001,3,3072,752.99239603678382,,0.021290488873850016,6.5335069846200637,0.024185349433128583,0
warm-s020,1,115001,48,49152,752.99239603678382,,0.059134390861009536,11912.814814266585,0.016071068434559552,0
warm-s020,1,115001,96,98304,752.74470520019531,,0.21704981541007343,458537.0633815024,0.0081940088986510364,0
warm-s020,1,115001,144,147456,752.37028376261389,,0.52261315462084335,18172191.262263652,0.0062259161280894286,0
warm-s020,1,115001,192,196608,752.26161448160804,,1.909528077289965,29440048.576547053,0.0044617600674403948,0
warm-s020,1,115001,240,245760,752.16445287068689,,10.407129061201161,23234535.068057008,0.0045677244274411844,0
warm-s020,1,115001,255,261120,752.16445287068689,,14.426897467819533,25962387.884553045,0.0040042380343990715,0
warm-s020,1,115001,288,294912,752.16445287068689,,30.700393747416854,62998639.397300452,0.0041551514652012414,0
warm-s020,1,115001,336,344064,752.16445287068689,,46.40482977442106,242986626.78004709,0.0031623366208187939,0
warm-s020,1,115001,384,393216,752.09068044026696,,45.905162199191444,4591995389.0553417,0.0029524331281207102,0
warm-s020,1,115001,432,442368,752.09068044026696,,49.086759857915091,16786291225.607733,0.0025482590571039541,0
warm-s020,1,115001,480,491520,752.09068044026696,,42.969738615836704,15873369597.142221,0.0021259826435490246,0
warm-s020,1,115001,528,540672,752.09028371175134,,51.475186502424265,38411704783.630814,0.0025442963611261426,0
warm-s020,1,115001,576,589824,752.09028371175134,,64.981310675618133,34901135052.507736,0.0030543664201811926,0
warm-s020,1,115001,624,638976,752.09028371175134,,0.036222767169713531,2511.1786527644276,0.036496318372213427,0
warm-s020,1,115001,672,688128,752.09028371175134,,0.091928717129956261,39121.220536460642,0.0080727772503986044,0
warm-s020,1,115001,720,737280,752.09028371175134,,0.21221059478712645,3864200.9246575162,0.004781058419281386,0
warm-s020,1,115001,768,786432,752.09028371175134,,0.43681795700367931,23281039.490800552,0.0042301932670133803,0
warm-s020,1,115001,816,835584,752.09028371175134,,1.0825486851398514,22608651.654450707,0.0035255677537171424,0
warm-s020,1,115001,864,884736,752.09028371175134,,2.0657817084802419,105535642.85333413,0.0034943909695223335,0
warm-s020,1,115001,912,933888,752.09028371175134,,2.5440775753762299,1412232671.8455005,0.0036664376437407758,0
warm-s020,1,115001,960,983040,752.09028371175134,,2.2818160896531388,868967657.24641204,0.0018275968022046527,0
warm-s020,1,115001,1008,1032192,752.09028371175134,,0.030674756899825566,2284.9883003078703,0.037012076592561442,0
warm-s020,1,115001,1056,1081344,752.09028371175134,,0.0851405240919655,124762.12830478944,0.0093776848473880667,0
warm-s020,1,115001,1104,1130496,751.92152277628577,,0.2539150166031664,13403970.840947021,0.0065310615000188782,0
warm-s020,1,115001,1152,1179648,751.77895863850915,,0.66787548913129824,21441444.545016576,0.004887396029064326,0
warm-s020,1,115001,1200,1228800,751.74519348144531,,1.5121062892556303,107615764.71200436,0.0043838974536892592,0
warm-s020,1,115001,1248,1277952,751.72855758666992,,4.3466829746883953,62547165.701338463,0.0036049170483660451,0
warm-s020,1,115001,1296,1327104,751.72197341918945,,4.8610931320323925,148004374.08786041,0.003366710520628089,0
warm-s020,1,115001,1344,1376256,751.72197341918945,,6.7667325589320182,114344085.01263413,0.0028685737327439884,0
warm-s020,1,115001,1392,1425408,751.72197341918945,,0.030468501469548215,1490.0425063316097,0.027814314289285186,0
warm-s020,1,115001,1440,1474560,751.72197341918945,,0.10766816885374147,97002.314086585495,0.008893687735264999,0
warm-s020,1,115001,1488,1523712,751.34207789103186,,0.26603436382773527,5651281.2892910009,0.0042191277784707657,0
warm-s020,1,115001,1536,1572864,751.08624649047852,,0.47093315026495075,41846039.274814546,0.0038445071366118265,0
warm-s020,1,115001,1584,1622016,750.9879366556803,,1.9640045498423915,664480275.61549747,0.0053220436156263323,0
warm-s020,1,115001,1632,1671168,750.92106628417969,,7.6877119606326305,1145123046.2373438,0.0042570718309689372,0
warm-s020,1,115001,1680,1720320,750.92106628417969,,10.196906846533482,2652259357.4401202,0.0039781542988990897,0
warm-s020,1,115001,1728,1769472,750.92106628417969,,18.679335349409627,2335949059.3528328,0.003260945947293608,0
warm-s020,1,115001,1776,1818624,750.89754486083984,,28.712825126215861,1734058931.2986467,0.0025036198810814854,0
warm-s020,1,115001,1824,1867776,750.89754486083984,,26.370018764276498,5811948541.1315088,0.0028103468981602194,0
warm-s020,1,115001,1872,1916928,750.89754486083984,,29.684848711534151,5604217443.8682537,0.0029180122301993164,0
warm-s020,1,115001,1920,1966080,750.89754486083984,,35.61968523229536,6756948085.5039835,0.0025899981590883129,0
warm-s020,1,115001,1968,2015232,750.89754486083984,,38.642912908895369,9699573901.4243565,0.0023158308698936524,0
warm-s020,1,115001,2016,2064384,750.89754486083984,,0.025864751155863376,130.74365638474964,0.032501977053059246,0
warm-s020,1,115001,2064,2113536,750.89754486083984,,0.088843898022000503,72605.155608157569,0.013640179114235018,0
warm-s020,1,115001,2112,2162688,750.89754486083984,,0.26338136874082108,512015.22177685302,0.0052248627795179357,0
warm-s020,1,115001,2160,2211840,750.89754486083984,,0.47734504163379599,3929232.7009592624,0.0046886037792597222,0
warm-s020,1,115001,2208,2260992,750.89754486083984,,0.86227456480024967,60216742.46374917,0.0040233863920517672,0
warm-s020,1,115001,2256,2310144,750.89754486083984,,1.8552766863738064,88656723.338797092,0.0033704148937748367,0
warm-s020,1,115001,2304,2359296,750.89754486083984,,2.1086458686280798,286326673.13138682,0.0026952648363194514,0
warm-s020,1,115001,2352,2408448,750.82501983642578,,2.1288228376037654,357880889.14374781,0.0025011107110571415,0
warm-s020,1,115001,2400,2457600,750.82501983642578,,2.5548455893709927,369393240.55413842,0.0025709801373886769,0
warm-s020,1,115001,2448,2506752,750.82501983642578,,2.7219929157002452,831830528.31187797,0.0026442986127084094,0
warm-s020,1,115001,2496,2555904,750.82501983642578,,0.020152679561577881,2.2071729157026834,0.02294986726625976,0
warm-s020,1,115001,2544,2605056,750.82501983642578,,0.048282512677547247,22725.067203689781,0.0095283968723791444,0
warm-s020,1,115001,2592,2654208,750.82501983642578,,0.16384635942693698,895359.87175024184,0.0068016000628036404,0
warm-s020,1,115001,2640,2703360,750.82501983642578,,0.39685777216925266,9783015.717932418,0.0050354960972333754,0
warm-s020,1,115001,2688,2752512,750.82501983642578,,1.4611883706412359,27510466.252451994,0.0051264856547700733,0
warm-s020,1,115001,2736,2801664,750.82501983642578,,4.3645154416795746,206741962.03363338,0.0065197354570953004,0
warm-s020,1,115001,2784,2850816,750.82501983642578,,11.762460689893825,497275161.39440638,0.0049774371040355505,0
warm-s020,1,115001,2832,2899968,750.82501983642578,,11.159209736650174,1705414764.5904944,0.0034731052516794236,0
warm-s020,1,115001,2880,2949120,750.82501983642578,,12.934140227439068,2959765074.2040701,0.0048176889233106767,0
warm-s020,1,115001,2928,2998272,750.82501983642578,,12.350070352207071,2671516438.7222695,0.0033711698693944412,0
warm-s020,1,115001,2976,3047424,750.82501983642578,,0.025315316905049529,656.7933558718762,0.030078186721321003,0
warm-s020,1,115001,3024,3096576,750.82501983642578,,0.068364214633362383,134110.59110045407,0.009112341332994359,0
warm-s020,1,115001,3072,3145728,750.82501983642578,,0.23359545314792973,2928017.1746642254,0.0081100366813092496,0
warm-s020,1,115001,3120,3194880,750.82501983642578,,0.4770243948190131,14024113.11394882,0.0041017112549680034,0
warm-s020,1,115001,3168,3244032,750.82501983642578,,1.4257650500199788,106175217.50586659,0.0036144072212311142,0
warm-s020,1,115001,3216,3293184,750.82501983642578,,4.2105122563098858,471264212.0501985,0.0047718652876193582,0
warm-s020,1,115001,3264,3342336,750.82501983642578,,9.4497042753800038,768375915.40373921,0.002954467946634566,0
warm-s020,1,115001,3312,3391488,750.82501983642578,,8.8426925356003512,476188127.76587379,0.0019909921026004447,0
warm-s020,1,115001,3360,3440640,750.82501983642578,,7.9634191216350443,1017515242.2700223,0.0021228436306256755,0
warm-s020,1,115001,3408,3489792,750.82501983642578,,0.033001041496999783,1270.3741213343533,0.032103051285869239,0
warm-s020,1,115001,3456,3538944,750.82501983642578,,0.084636705337066812,101887.10454846527,0.0099065171582384242,0
warm-s020,1,115001,3504,3588096,750.82501983642578,,0.24959162109707317,3038913.850024919,0.0060306642275251834,0
warm-s020,1,115001,3552,3637248,750.82501983642578,,0.43070078910973292,9929711.8342000507,0.0039126867043396763,0
warm-s020,1,115001,3600,3686400,750.82501983642578,,1.1190842723552084,168577274.95712864,0.0040609926511468797,0
warm-s020,1,115001,3648,3735552,750.82501983642578,,2.9349370497542551,682111797.7662034,0.0035352034102575881,0
warm-s020,1,115001,3696,3784704,750.82501983642578,,15.947643160579061,1876638655.1150684,0.0041309740439336093,0
warm-s020,1,115001,3744,3833856,750.82501983642578,,15.29931607216915,2696724391.4265862,0.0026620453360170341,0
warm-s020,1,115001,3792,3883008,750.82501983642578,,16.332760558351115,1186098977.5484951,0.0021782011714934846,0
warm-s020,1,115001,3840,3932160,750.82501983642578,,19.582983316717748,881787075.55361915,0.001748357317387945,0
warm-s020,1,115001,3888,3981312,750.82501983642578,,18.874874508416923,6160961412.1525402,0.0023691214323239549,0
warm-s020,1,115001,3921,4015104,750.82501983642578,,17.354974743685133,5798929868.3323536,0.0019452993213666721,0
warm-s020,2,115002,3,3072,752.99239603678382,,0.023520099852673004,6.2346676229810427,0.025919536252653412,0
warm-s020,2,115002,48,49152,752.99239603678382,,0.058506710981925468,17289.891804872535,0.014612560701135813,0
warm-s020,2,115002,80,81920,752.39678192138672,,0.13176767519881452,245028.74254953372,0.0072187209880970821,0
warm-s020,2,115002,96,98304,752.06708145141602,,0.19173245972547145,689205.61743463459,0.0075902289191510618,0
warm-s020,2,115002,144,147456,751.76139704386389,,0.46009579907424064,83080306.447900712,0.0053592110562861598,0
warm-s020,2,115002,160,163840,751.73712158203125,,0.68619107509913024,39854982.568831094,0.004838959881106406,0
warm-s020,2,115002,192,196608,751.70930735270179,,1.0530472852849946,57793608.152914554,0.0043480518193710601,0
warm-s020,2,115002,240,245760,751.65988286336267,,1.7454206495728071,53272958.170796797,0.0038412220461237607,0
warm-s020,2,115002,255,261120,751.65988286336267,,2.1812832091454104,56212629.870577544,0.0037690339839992343,0
warm-s020,2,115002,288,294912,751.65988286336267,,3.7721376271956562,111813496.3313466,0.0038543442767554909,0
warm-s020,2,115002,336,344064,751.65988286336267,,3.8007967555625672,410621271.80001253,0.0032280475503841831,0
warm-s020,2,115002,384,393216,751.65988286336267,,3.6852383904887396,225735398.58176538,0.0021095957567221985,0
warm-s020,2,115002,432,442368,751.65988286336267,,0.026915358131189459,276.48861483691093,0.03151055991295211,0
warm-s020,2,115002,480,491520,751.65988286336267,,0.088648490768648641,78482.068771482154,0.010776240884488397,0
warm-s020,2,115002,528,540672,751.65988286336267,,0.26307785505642123,3783138.9325229861,0.0058488647481512767,0
warm-s020,2,115002,576,589824,751.57636642456055,,0.7297179641770376,54113124.025373399,0.0053400059839535836,0
warm-s020,2,115002,624,638976,751.47760009765625,,1.7369949012344035,261850060.20525438,0.0043652225841212377,0
warm-s020,2,115002,672,688128,751.41162236531579,,5.4438099206927388,24327078082.25378,0.0038643672966365509,0
warm-s020,2,115002,720,737280,751.3707275390625,,10.575118963085293,14125426029.797693,0.0037717072835213986,0
warm-s020,2,115002,768,786432,751.3707275390625,,12.601554569141422,30450503974.175457,0.0036712173940341027,0
warm-s020,2,115002,816,835584,751.3707275390625,,15.136095554010859,20842055181.610748,0.0029695774895029114,0
warm-s020,2,115002,864,884736,751.3707275390625,,15.198908766262848,70924878440.237625,0.0037127919939911038,0
warm-s020,2,115002,912,933888,751.3707275390625,,17.110859743459461,138257305842.96823,0.0041550346002397999,0
warm-s020,2,115002,960,983040,751.3707275390625,,26.631169238138224,31952105635.860416,0.0026057359428904273,0
warm-s020,2,115002,1008,1032192,751.3707275390625,,0.027026150407668259,476.9605591318761,0.026674267099645866,0
warm-s020,2,115002,1056,1081344,751.3707275390625,,0.071187683640211871,71270.57343010456,0.008093336566605068,0
warm-s020,2,115002,1104,1130496,751.3707275390625,,0.16775676998098535,4128412.954329838,0.005183482167239949,0
warm-s020,2,115002,1152,1179648,751.3707275390625,,0.34597922159638561,46424476.514767222,0.0038014938340584789,0
warm-s020,2,115002,1200,1228800,751.3665657043457,,0.76569949168376372,106875047.48231162,0.0038037552372434799,0
warm-s020,2,115002,1248,1277952,751.28942616780603,,2.5901598562043562,154539024.9237912,0.0038297168571681372,0
warm-s020,2,115002,1296,1327104,751.28942616780603,,4.0998533680602547,12378111670.217552,0.003584411345652468,0
warm-s020,2,115002,1344,1376256,751.24283727010095,,3.8676074760418735,8153843326.2981758,0.0026675912479913666,0
warm-s020,2,115002,1392,1425408,751.24283727010095,,3.839006037819634,23203769183.651299,0.0034213690050804014,0
warm-s020,2,115002,1440,1474560,751.24283727010095,,0.034991265252213015,5140.7417109966782,0.028433343983285529,0
warm-s020,2,115002,1488,1523712,751.24283727010095,,0.1036126909291232,416702.96252182516,0.0068055592947418968,0
warm-s020,2,115002,1536,1572864,751.13848368326819,,0.25882642117496257,1584941.9165402106,0.005244820880878338,0
warm-s020,2,115002,1584,1622016,751.03821563720703,,1.6687487770272944,13583131.323644748,0.0055886080216697312,0
warm-s020,2,115002,1632,1671168,750.93422826131189,,9.1964245613180413,12818035.218440471,0.0041655840594302957,0
warm-s020,2,115002,1680,1720320,750.93422826131189,,25.255583065370661,19088423.421411201,0.0045061657429820946,0
warm-s020,2,115002,1728,1769472,750.93422826131189,,66.559566380491177,85949263.9313135,0.0043959735767897462,0
warm-s020,2,115002,1776,1818624,750.93422826131189,,72.938969699258351,97226809.396351531,0.0028577211541697062,0
warm-s020,2,115002,1824,1867776,750.93422826131189,,0.021059031143554837,4.1225877936401147,0.024786239934198637,0
warm-s020,2,115002,1872,1916928,750.93422826131189,,0.053680516655109513,25338.031589298127,0.012951649108526789,0
warm-s020,2,115002,1920,1966080,750.93422826131189,,0.15141693730760289,5507664.9639726132,0.0057533554817312225,0
warm-s020,2,115002,1968,2015232,750.93422826131189,,0.37001669174268131,22407679.015525524,0.004703540421460351,0
warm-s020,2,115002,2016,2064384,750.93422826131189,,1.4736190766661292,21989674.755997863,0.0056218881057283889,0
warm-s020,2,115002,2064,2113536,750.93156560262048,,4.5532087000791162,29717195.576839153,0.0037192498118237978,0
warm-s020,2,115002,2112,2162688,750.91044235229492,,12.066560598498661,107750736.83834474,0.0035364343827826322,0
warm-s020,2,115002,2160,2211840,750.90906016031897,,19.194804785235657,441063165.48168635,0.0038201078537934349,0
warm-s020,2,115002,2208,2260992,750.90906016031897,,20.727176198705966,2611487137.9941845,0.0040171446004601914,0
warm-s020,2,115002,2256,2310144,750.90906016031897,,20.115973813178105,3784695851.4317942,0.0036556131392367053,0
warm-s020,2,115002,2304,2359296,750.90906016031897,,19.929769069904875,2233033828.8424563,0.0026965978928519489,0
warm-s020,2,115002,2352,2408448,750.90906016031897,,0.024849807718833775,358.82842398314637,0.028326598107830236,0
warm-s020,2,115002,2400,2457600,750.90906016031897,,0.051506396243468595,42903.316738511916,0.0092936356847069281,0
warm-s020,2,115002,2448,2506752,750.90906016031897,,0.17266730382958992,1022660.6911069059,0.0047344429056472839,0
warm-s020,2,115002,2496,2555904,750.90906016031897,,0.34695320706999694,21553997.40991313,0.0045455397534753606,0
warm-s020,2,115002,2544,2605056,750.90906016031897,,0.91771464688066329,11694944.788431535,0.00484484839475674,0
warm-s020,2,115002,2592,2654208,750.90906016031897,,3.9426020522950451,379856021.73774219,0.0051200489326682407,0
warm-s020,2,115002,2640,2703360,750.90906016031897,,4.5072854921249039,1337518048.1616263,0.00344117942658581,0
warm-s020,2,115002,2688,2752512,750.90906016031897,,3.8423216573139678,2244084931.6074224,0.0033352200369377309,0
warm-s020,2,115002,2736,2801664,750.90906016031897,,4.1023815592151225,726506858.52706134,0.00192568408924187,0
warm-s020,2,115002,2784,2850816,750.90906016031897,,0.04830736004371057,11032.168459432045,0.020328792506398838,0
warm-s020,2,115002,2832,2899968,750.90906016031897,,0.10610998846917659,1348216.7636298405,0.0081026630681475566,0
warm-s020,2,115002,2880,2949120,750.90906016031897,,0.27297097300459289,30516581.639514145,0.0054916341151594744,0
warm-s020,2,115002,2928,2998272,750.90906016031897,,0.43048899465232238,421370319.66927922,0.0041094624791690806,0
warm-s020,2,115002,2976,3047424,750.90906016031897,,1.2196685474856692,816330705.93714976,0.0045572574926021564,0
warm-s020,2,115002,3024,3096576,750.90906016031897,,2.8286903955270057,336869606.54448217,0.0035382632832377491,0
warm-s020,2,115002,3072,3145728,750.90906016031897,,3.2578685001398719,748178473.53890729,0.0034400102989358451,0
warm-s020,2,115002,3120,3194880,750.90906016031897,,3.0103760816745408,1955632999.6316447,0.0030588653330465313,0
warm-s020,2,115002,3168,3244032,750.90906016031897,,3.0491798397120911,2650162445.3564043,0.00332018507478519,0
warm-s020,2,115002,3216,3293184,750.90906016031897,,0.039251687597781748,7052.5239027676935,0.025305524380732462,0
warm-s020,2,115002,3264,3342336,750.90906016031897,,0.086035838953531368,136315.24130389557,0.0072838387143322426,0
warm-s020,2,115002,3312,3391488,750.90906016031897,,0.23731181228354481,19273553.333476961,0.0047845660693466808,0
warm-s020,2,115002,3360,3440640,750.90906016031897,,0.5313330380765432,33153391.781651415,0.0038371850644833916,0
warm-s020,2,115002,3408,3489792,750.89301554361975,,1.7071615094297772,39646384.061022669,0.0040159507411782211,0
warm-s020,2,115002,3456,3538944,750.89301554361975,,4.7846874322741337,129581521.07003006,0.0038268547267313029,0
warm-s020,2,115002,3504,3588096,750.83703740437829,,8.3022585548303756,72473702.312491879,0.0019260996228912192,0
warm-s020,2,115002,3552,3637248,750.83703740437829,,7.8649107340143294,293665339.29494995,0.0020633068874958051,0
warm-s020,2,115002,3600,3686400,750.83703740437829,,9.6810804697710111,681118510.01925421,0.0030456149292278985,0
warm-s020,2,115002,3648,3735552,750.83703740437829,,8.8206753008979994,652128953.45072067,0.0020100164807668659,0
warm-s020,2,115002,3687,3775488,750.83703740437829,,7.6289711841567804,890788164.16228461,0.0014106717025129225,0
warm-s020,3,115003,3,3072,752.99239603678382,,0.021314089434100274,8.0097242141854732,0.024610375546252398,0
warm-s020,3,115003,48,49152,752.99239603678382,,0.076225953401007351,6380.0599427418156,0.015448257765301742,0
warm-s020,3,115003,96,98304,752.19725036621094,,0.24992772082651449,98315.050130246702,0.0067939329753643118,0
warm-s020,3,115003,144,147456,751.77248128255212,,0.66493346632240746,16574697.263341278,0.0052406717132186028,0
warm-s020,3,115003,192,196608,751.65600077311194,,1.2463200869259081,125638240.44801854,0.0038409635497185521,0
warm-s020,3,115003,240,245760,751.63690567016602,,1.9602149762500518,34039997566.328449,0.0047544246514342539,0
warm-s020,3,115003,255,261120,751.63690567016602,,2.3773650632177019,39302333406.896957,0.0046583215734760314,0
warm-s020,3,115003,288,294912,751.63690567016602,,4.6112416547235595,39421486738.685776,0.0043886118356969402,0
warm-s020,3,115003,336,344064,751.63690567016602,,3.5606306553535791,13146225898.854065,0.0017850466706186546,0
warm-s020,3,115003,384,393216,751.63690567016602,,0.069218547166028793,5345.252095355705,0.016553302078766069,0
warm-s020,3,115003,432,442368,751.63690567016602,,0.186769065528684,658691.30555821618,0.0062162645906417889,0
warm-s020,3,115003,480,491520,751.54840087890625,,0.33011092084149291,20890130.504099481,0.0041786801768892564,0
warm-s020,3,115003,528,540672,751.48294448852539,,0.72476640606078813,150259610.07865077,0.0051411567515135164,0
warm-s020,3,115003,576,589824,751.36933390299475,,2.0240572303214188,68063444.056469843,0.0043957459391398748,0
warm-s020,3,115003,624,638976,751.36933390299475,,2.5233277370917055,346906599.26070225,0.0037001293586445814,0
warm-s020,3,115003,672,688128,751.36933390299475,,2.768835955542102,936083564.68236768,0.0035801854669561175,0
warm-s020,3,115003,720,737280,751.36933390299475,,3.3342680214817131,932061072.61885893,0.0033674122162312896,0
warm-s020,3,115003,768,786432,751.36933390299475,,7.2363416037939423,629158543.50792086,0.0039869378378974522,0
warm-s020,3,115003,816,835584,751.36933390299475,,7.8841015244757546,4480844414.8701124,0.0031192587399485475,0
warm-s020,3,115003,864,884736,751.36223602294922,,13.022425754690657,7543272211.5067081,0.0036010894945220713,0
warm-s020,3,115003,912,933888,751.36223602294922,,14.231777274766834,15495327305.735371,0.0034398056415891392,0
warm-s020,3,115003,960,983040,751.36223602294922,,0.042922609564425326,3525.0622646540273,0.023252759215727101,0
warm-s020,3,115003,1008,1032192,751.36223602294922,,0.14422019570794903,336757.00932615914,0.0082610535051849798,0
warm-s020,3,115003,1056,1081344,751.36223602294922,,0.35330902372976081,5741879.4493678734,0.004874323510326288,0
warm-s020,3,115003,1104,1130496,751.32573191324866,,1.3870994385611899,112461381.38143341,0.0060621154273655265,0
warm-s020,3,115003,1152,1179648,751.26862080891931,,4.8769897433312046,251911947.31115812,0.0048630275592692219,0
warm-s020,3,115003,1200,1228800,751.26862080891931,,13.330030669546383,204467589.36780974,0.0047411521038008475,0
warm-s020,3,115003,1248,1277952,751.26862080891931,,28.642992414477664,645507817.74760938,0.0034806624728119131,0
warm-s020,3,115003,1296,1327104,751.26862080891931,,24.005767063027033,888520091.0706259,0.0033053267205391808,0
warm-s020,3,115003,1344,1376256,751.26862080891931,,23.121658653018052,1893317452.1154804,0.0026175430850221152,0
warm-s020,3,115003,1392,1425408,751.26862080891931,,0.045961834231503608,29156.770322441313,0.013600474735045829,0
warm-s020,3,115003,1440,1474560,751.26862080891931,,0.12618199164142391,3408319.5838960754,0.0056834403514861645,0
warm-s020,3,115003,1488,1523712,751.09531911214196,,0.31568126681960712,6827639.2159556216,0.0037026706685122672,0
warm-s020,3,115003,1536,1572864,751.03702926635742,,1.3253935764291156,21420656.467141096,0.0059137004570800882,0
warm-s020,3,115003,1584,1622016,750.98213958740234,,2.0752033019581404,23074419.034718528,0.0033654626204108755,0
warm-s020,3,115003,1632,1671168,750.98213958740234,,3.4015411183184092,238179406.37370819,0.0025553900442149696,0
warm-s020,3,115003,1680,1720320,750.98213958740234,,2.591363565333392,822869197.75018048,0.0023149588123751561,0
warm-s020,3,115003,1728,1769472,750.98213958740234,,0.026914539574990907,521.24109172286887,0.031944938629481605,0
warm-s020,3,115003,1776,1818624,750.98213958740234,,0.063075860140387408,255143.90128426036,0.0098705339112599797,0
warm-s020,3,115003,1824,1867776,750.98213958740234,,0.13961814831772093,9562516.7024973277,0.0053842224911601934,0
warm-s020,3,115003,1872,1916928,750.74399312337243,,0.43967241758468745,16526132.7709982,0.0048243837082948835,0
warm-s020,3,115003,1920,1966080,750.68841298421228,,4.7210213384901376,19805510.022881474,0.0058289023055818389,0
warm-s020,3,115003,1968,2015232,750.64835611979163,,9.523115811360821,22006776.883186903,0.0041835612375120254,0
warm-s020,3,115003,2016,2064384,750.62523905436194,,33.697405258036774,48883844.504329428,0.0034163119462261968,0
warm-s020,3,115003,2064,2113536,750.62523905436194,,61.931285233169206,855066406.84778929,0.0028222976547399217,0
warm-s020,3,115003,2112,2162688,750.62523905436194,,159.08148134641857,476566765.0091719,0.0023584688016239689,0
warm-s020,3,115003,2160,2211840,750.62523905436194,,0.041152516244371995,6437.5932568778753,0.027158601487594098,0
warm-s020,3,115003,2208,2260992,750.62523905436194,,0.10085917063840678,715176.56853125012,0.0081956157958933407,0
warm-s020,3,115003,2256,2310144,750.62523905436194,,0.28528376844297187,3745800.8045423459,0.0043353183102097497,0
warm-s020,3,115003,2304,2359296,750.62523905436194,,0.64406069661186138,68023382.611920297,0.0039304399230810864,0
warm-s020,3,115003,2352,2408448,750.62523905436194,,1.746645951198045,192098124.95280668,0.0039333787510660049,0
warm-s020,3,115003,2400,2457600,750.62523905436194,,4.0028215967563492,226994399.73004213,0.0030190475914133007,0
warm-s020,3,115003,2448,2506752,750.62523905436194,,3.9937026550729273,991360287.86501074,0.0025524376757579625,0
warm-s020,3,115003,2496,2555904,750.62523905436194,,3.6311347283607831,2671508543.5684814,0.0021866331959322642,0
warm-s020,3,115003,2544,2605056,750.62523905436194,,0.023360495629319161,69.472070902154613,0.02745840737422638,0
warm-s020,3,115003,2592,2654208,750.62523905436194,,0.046746886725492549,87658.200144637041,0.012309964582750211,0
warm-s020,3,115003,2640,2703360,750.62523905436194,,0.15078567682984637,1027884.6081845985,0.0051382649669259872,0
warm-s020,3,115003,2688,2752512,750.62523905436194,,0.37813057263344929,12850258.53375107,0.0036663404383261511,0
warm-s020,3,115003,2736,2801664,750.62523905436194,,1.1699526000290543,27948488.934865601,0.0039929924955369499,0
warm-s020,3,115003,2784,2850816,750.62523905436194,,2.3132647360531449,35697895.688092269,0.0037346624485673431,0
warm-s020,3,115003,2832,2899968,750.62523905436194,,6.0095009009977192,2521150300.7998819,0.0036274467580865145,0
warm-s020,3,115003,2880,2949120,750.62523905436194,,4.9711198172343956,4318369244.8278952,0.0020256614065007547,0
warm-s020,3,115003,2928,2998272,750.62523905436194,,5.8777856437645193,3657195259.3684936,0.0021294959005321704,0
warm-s020,3,115003,2976,3047424,750.62523905436194,,5.4446902880685402,1640325234.7265108,0.0019598152546504936,0
warm-s020,3,115003,3024,3096576,750.62523905436194,,0.040733360983956059,12402.808214241129,0.016070483778196795,0
warm-s020,3,115003,3072,3145728,750.62523905436194,,0.10845027458044849,428520.9084051809,0.0078914224351074331,0
warm-s020,3,115003,3120,3194880,750.62523905436194,,0.28282125026218141,2324814.3003917239,0.0052704290792865314,0
warm-s020,3,115003,3168,3244032,750.62523905436194,,1.7771248789020697,28394237.288143679,0.0060035021656126798,0
warm-s020,3,115003,3216,3293184,750.62523905436194,,10.58792453734975,43012986.185977474,0.0038806888609507302,0
warm-s020,3,115003,3264,3342336,750.62523905436194,,24.908028711539103,116001146.08215421,0.0041452363069446625,0
warm-s020,3,115003,3312,3391488,750.62523905436194,,36.891516308670155,2485537461.5406942,0.0034738420261570002,0
warm-s020,3,115003,3360,3440640,750.62523905436194,,41.551832748115444,3342260752.2612791,0.0024755108838323795,0
warm-s020,3,115003,3408,3489792,750.62523905436194,,35.735889766603982,8663114619.2358627,0.0025027232015357804,0
warm-s020,3,115003,3456,3538944,750.62523905436194,,43.471176763649943,10490499583.238611,0.0027218812035085852,0
warm-s020,3,115003,3504,3588096,750.62523905436194,,36.089977020011169,24867888228.55093,0.0021617655654756936,0
warm-s020,3,115003,3507,3591168,750.62523905436194,,33.815008741699508,27973922940.846127,0.0022362976864404773,0
warm-s100,1,115001,3,3072,752.99239603678382,,0.12895626553152945,4.6299259982742198,0.081921835300491255,0
warm-s100,1,115001,48,49152,752.99239603678382,,0.77992790323561212,7651.8728228357058,0.092831442074247858,0
warm-s100,1,115001,96,98304,752.99239603678382,,4.3540780979830567,9325.9797287747551,0.034135777132938944,0
warm-s100,1,115001,144,147456,752.99239603678382,,75.840771246007463,9376.1253627632868,0.026655280894209814,0
warm-s100,1,115001,192,196608,752.99239603678382,,1325.0077496487575,17212.303679118486,0.0193195302123591,0
warm-s100,1,115001,240,245760,752.99239603678382,,5954.6000090512007,65702.527084835558,0.0078101323375335072,0
warm-s100,1,115001,255,261120,752.96828460693359,,8263.9134894069612,181334.05841856997,0.0054518182032908431,0
warm-s100,1,115001,288,294912,752.83806737264001,,14504.959308457594,5467420.5565827088,0.0050772778074542725,0
warm-s100,1,115001,336,344064,752.75722249348962,,33315.220585182375,15612521.20677679,0.0040055122068062164,0
warm-s100,1,115001,384,393216,752.74784469604492,,117460.60182320204,56905239.444205627,0.0044621930546933902,0
warm-s100,1,115001,432,442368,752.74441019694007,,286851.56323990016,134270662.23163781,0.0033145651693772676,0
warm-s100,1,115001,480,491520,752.74441019694007,,233693.63006378131,947771609.49747765,0.0024196837634801881,0
warm-s100,1,115001,528,540672,752.74441019694007,,286350.31137005438,855772266.1504916,0.0022907456035206183,0
warm-s100,1,115001,576,589824,752.74441019694007,,361722.19689137087,850213889.58035064,0.0025688696838141534,0
warm-s100,1,115001,624,638976,752.74441019694007,,315016.65538557182,876511820.81358504,0.001978462032722483,0
warm-s100,1,115001,672,688128,752.74441019694007,,335778.04940162424,1213932120.229048,0.0029635775458125698,0
warm-s100,1,115001,720,737280,752.74441019694007,,0.64429354232537661,5115.3438559174456,0.11212300839909065,0
warm-s100,1,115001,768,786432,752.74441019694007,,5.8556997964558501,44549.756946482157,0.10711839015813325,0
warm-s100,1,115001,816,835584,752.74441019694007,,49.223560437609898,7391.9072963616063,0.027435487088561292,0
warm-s100,1,115001,864,884736,752.74441019694007,,1372.0955320137987,14535.132443872586,0.02476699372538468,0
warm-s100,1,115001,912,933888,752.74441019694007,,29182.695991902016,19238.003500342787,0.021508535091301673,0
warm-s100,1,115001,960,983040,752.74441019694007,,537389.44056359748,21017.869260246582,0.015487975479615465,0
warm-s100,1,115001,1008,1032192,751.46998977661133,,9163456.4383591674,84894.012043040333,0.017487863199620316,0
warm-s100,1,115001,1056,1081344,750.03960164388025,,56252376.051980026,409672.97958617506,0.0075442651422206256,0
warm-s100,1,115001,1104,1130496,749.53832117716468,,236710498.87873927,3791891.527947851,0.0051408605403234818,0
warm-s100,1,115001,1152,1179648,749.38106918334961,,1047526768.3953511,8685756.5622904003,0.0048223298082972696,0
warm-s100,1,115001,1200,1228800,749.29976654052734,,6080448905.811491,5354434.4421488,0.0050527647611615907,0
warm-s100,1,115001,1248,1277952,749.2020594278971,,31316351679.941051,8762972.0074962415,0.0041344507662264499,0
warm-s100,1,115001,1296,1327104,749.166748046875,,174450097584.03076,6783694.3056262387,0.0047349040916083137,0
warm-s100,1,115001,1344,1376256,749.12022399902344,,1028651202717.7194,9536181.979798317,0.0044130351560429703,0
warm-s100,1,115001,1392,1425408,749.1002298990885,,2644520108973.5894,6129463.6484778831,0.0030643780715531527,0
warm-s100,1,115001,1440,1474560,749.09486770629883,,6469440795763.2246,388237445.65579247,0.0049623749625661243,0
warm-s100,1,115001,1488,1523712,749.09486770629883,,6198962532381.3291,1161615721.7932274,0.0043199615162132447,0
warm-s100,1,115001,1536,1572864,749.09486770629883,,6476234700000.4453,985498099.39407778,0.0038487014153363694,0
warm-s100,1,115001,1584,1622016,749.09486770629883,,8720261420033.5898,496706453.93325973,0.0036533626595934405,0
warm-s100,1,115001,1632,1671168,749.09486770629883,,0.12040885830983081,2.5043638474511027,0.067726717475699735,0
warm-s100,1,115001,1680,1720320,749.09486770629883,,0.83369681215538549,6780.6070688419622,0.082527601875444209,0
warm-s100,1,115001,1728,1769472,749.09486770629883,,4.2978494546350188,15347.727525371256,0.039840220649278106,0
warm-s100,1,115001,1776,1818624,749.09486770629883,,63.1621792116349,9434.047022641158,0.026951993184290892,0
warm-s100,1,115001,1824,1867776,746.88702646891272,,459.79508016621077,37597.432486630532,0.014057164879440894,0
warm-s100,1,115001,1872,1916928,745.23973973592126,,1605.4613928198244,430418.81314996677,0.0071233035814066261,0
warm-s100,1,115001,1920,1966080,744.69945398966468,,26385.667505472844,3037754.0317089548,0.012409295156237368,0
warm-s100,1,115001,1968,2015232,743.91615422566736,,159668.44062760132,3956808.3102153186,0.006322619889612433,0
warm-s100,1,115001,2016,2064384,743.7677332560221,,405375.9451909879,4616536.0220882865,0.0043556974100819679,0
warm-s100,1,115001,2064,2113536,743.6881001790365,,1170235.4533297506,8270871.4512622384,0.0048453079427927051,0
warm-s100,1,115001,2112,2162688,743.62421925862634,,1684193.9660911192,377593860.97207063,0.0048578015845358244,0
warm-s100,1,115001,2160,2211840,743.62310155232751,,5131394.644017837,1206788781.3651435,0.004319001779455405,0
warm-s100,1,115001,2208,2260992,743.62310155232751,,9790882.3975383118,3057474891.8875566,0.0037162768742790482,0
warm-s100,1,115001,2256,2310144,743.62310155232751,,9644614.1674028654,8462120343.5242767,0.002767826922795695,0
warm-s100,1,115001,2304,2359296,743.62310155232751,,0.18855078427849153,116.64588894708602,0.10873603540608266,0
warm-s100,1,115001,2352,2408448,743.62310155232751,,1.1044940118306612,8594.3952823959316,0.084226341715974207,0
warm-s100,1,115001,2400,2457600,743.62310155232751,,8.6482002466530616,10018.020483976336,0.038051186944310957,0
warm-s100,1,115001,2448,2506752,743.62310155232751,,145.53701311017238,22572.359344201195,0.027085433238455241,0
warm-s100,1,115001,2496,2555904,743.62310155232751,,737.75782642259071,44110.802929533522,0.014684889590943559,0
warm-s100,1,115001,2544,2605056,743.57122166951501,,3067.58246198903,62194.115462022673,0.0071803821365454441,0
warm-s100,1,115001,2592,2654208,743.31160481770837,,5526.5670656132861,21819656.27561285,0.0056631510101771082,0
warm-s100,1,115001,2640,2703360,743.24433135986328,,12924.755467143932,118648085.39924705,0.0045212068001287582,0
warm-s100,1,115001,2688,2752512,743.22045135498047,,27695.693439097875,188776106.39382261,0.0032303691279205247,0
warm-s100,1,115001,2736,2801664,743.21966425577796,,97609.311736482734,959091883.48204112,0.0036623573929858389,0
warm-s100,1,115001,2784,2850816,743.21961975097656,,206093.71534936191,4550874471.2722378,0.0037275572871165981,0
warm-s100,1,115001,2832,2899968,743.21961975097656,,240130.88007253295,25193484664.226238,0.0029531415039037831,0
warm-s100,1,115001,2880,2949120,743.21961975097656,,264905.5331501725,52855297407.351097,0.0040181638708562291,0
warm-s100,1,115001,2928,2998272,743.21961975097656,,248413.42985377691,91080744855.50589,0.0029036726321323468,0
warm-s100,1,115001,2976,3047424,743.21961975097656,,0.28903009600902446,1653.4279574072852,0.17391817461625236,0
warm-s100,1,115001,3024,3096576,743.21961975097656,,1.5449103981042134,30781.071751814816,0.10738814479468392,0
warm-s100,1,115001,3072,3145728,743.21961975097656,,11.127487329610851,7253.8936168127184,0.024960297761523434,0
warm-s100,1,115001,3120,3194880,743.21961975097656,,232.81886966603321,32538.771760940253,0.024769398262480504,0
warm-s100,1,115001,3168,3244032,743.21961975097656,,1403.0574970457667,60822.093827627876,0.017088892143468353,0
warm-s100,1,115001,3216,3293184,742.84337107340491,,3656.8010562613381,116695.46662347067,0.0098430136132921231,0
warm-s100,1,115001,3264,3342336,742.62757619222009,,9164.5203946155489,2570827.710548982,0.0048555710453904574,0
warm-s100,1,115001,3312,3391488,742.56573359171546,,21662.506728637698,20488378.345903728,0.0044002291649038721,0
warm-s100,1,115001,3360,3440640,742.55599848429358,,111428.17856035092,95308328.977525473,0.0049600975736413463,0
warm-s100,1,115001,3408,3489792,742.55599848429358,,112358.69920587244,189840554.30938342,0.0025778871427559998,0
warm-s100,1,115001,3456,3538944,742.55599848429358,,0.1884253899614956,37.41524222345538,0.11774002540662287,0
warm-s100,1,115001,3504,3588096,742.55599848429358,,1.2209585443669719,7978.6164602232157,0.07854907686226871,0
warm-s100,1,115001,3552,3637248,742.55599848429358,,7.7154171430482057,5730.3047123807237,0.032744770947031994,0
warm-s100,1,115001,3600,3686400,742.55599848429358,,85.043874296547685,20317.999999808228,0.026620096928251243,0
warm-s100,1,115001,3648,3735552,742.55599848429358,,1089.5056961144207,46050.297969197956,0.017822127572892976,0
warm-s100,1,115001,3696,3784704,742.55599848429358,,6795.8379906158189,55269.110655950484,0.013763033342917209,0
warm-s100,1,115001,3744,3833856,742.55599848429358,,27525.346517305952,473604.75898083107,0.0085707640500159825,0
warm-s100,1,115001,3792,3883008,742.55599848429358,,62986.657347526867,10940834.928643221,0.0055576198478835635,0
warm-s100,1,115001,3840,3932160,742.55599848429358,,173275.16702070273,17633880.544898704,0.0043528699160749569,0
warm-s100,1,115001,3888,3981312,742.55599848429358,,617754.97001266666,28178418.936095431,0.0038223158624357597,0
warm-s100,1,115001,3936,4030464,742.55599848429358,,1872508.6042452236,825240065.33350086,0.0045306136436794068,0
warm-s100,1,115001,3984,4079616,742.55599848429358,,2172188.5041530668,1982315515.4237921,0.0027370261763043505,0
warm-s100,1,115001,4032,4128768,742.55599848429358,,2075566.2655559028,1878892944.61323,0.0025757968694033614,0
warm-s100,1,115001,4080,4177920,742.55599848429358,,0.39070180083489808,2593.8877152402224,0.12942463093566858,0
warm-s100,1,115001,4128,4227072,742.55599848429358,,2.9170703608940833,7036.5475647060066,0.053857223326792505,0
warm-s100,1,115001,4176,4276224,742.55599848429358,,63.442162788178926,7229.6780075119186,0.040462900651338639,0
warm-s100,1,115001,4224,4325376,742.55599848429358,,842.43692951064702,17971.292645787398,0.024089568251368907,0
warm-s100,1,115001,4272,4374528,742.55599848429358,,4322.8604085806119,94108.837749341459,0.010336235603984278,0
warm-s100,1,115001,4320,4423680,742.55599848429358,,15535.28895334514,713702.90839615988,0.0054622066165116818,0
warm-s100,1,115001,4368,4472832,742.55599848429358,,45333.419545403791,15320625.223717146,0.0052132445895919617,0
warm-s100,1,115001,4416,4521984,742.55599848429358,,112875.07033498395,73169860.395826146,0.0036908204820845147,0
warm-s100,1,115001,4464,4571136,742.55599848429358,,262035.11345122851,167641286.1575422,0.0037999819130975624,0
warm-s100,1,115001,4512,4620288,742.55599848429358,,581561.9026515513,350374583.51501352,0.0029201959496830171,0
warm-s100,1,115001,4560,4669440,742.55599848429358,,526467.75639374752,548196391.30284286,0.0021713951639766678,0
warm-s100,1,115001,4608,4718592,742.55599848429358,,482528.53211445163,1306756291.1586089,0.0031241489534782458,0
warm-s100,1,115001,4656,4767744,742.55599848429358,,0.79968342118261804,3340.673465909269,0.092080841493673043,0
warm-s100,1,115001,4704,4816896,742.55599848429358,,9.602520646653975,19282.462590057148,0.090378078358689343,0
warm-s100,1,115001,4752,4866048,742.55599848429358,,98.149018335168833,122022.90656188187,0.090548094986372216,0
warm-s100,1,115001,4800,4915200,742.55599848429358,,667.45605907933327,20481.295793023048,0.023066972191866028,0
warm-s100,1,115001,4848,4964352,742.55599848429358,,2891.289779786453,47783.953869130281,0.012786547099343197,0
warm-s100,1,115001,4896,5013504,742.55599848429358,,6733.3658246735531,10800147.067689497,0.0089767719829210082,0
warm-s100,1,115001,4944,5062656,742.55599848429358,,15934.946251631491,195406660.25458297,0.0087740418036093178,0
warm-s100,1,115001,4992,5111808,742.55599848429358,,43135.595945139205,436087837.29862386,0.0082422753881709696,0
warm-s100,1,115001,5040,5160960,742.55599848429358,,162400.98812820658,400221840.20440096,0.0058031450074257692,0
warm-s100,1,115001,5088,5210112,742.55599848429358,,155360.72566047468,369677279.0793888,0.0032986513405682933,0
warm-s100,1,115001,5136,5259264,742.55599848429358,,222363.00027729393,3658184743.3806958,0.0044929027975360025,0
warm-s100,1,115001,5184,5308416,742.55599848429358,,206787.30635894818,1612375460.6813836,0.0024608517185615996,0
warm-s100,1,115001,5223,5348352,742.55599848429358,,177914.64278475259,5184294347.5088387,0.0024724476724418288,0
warm-s100,2,115002,3,3072,752.99239603678382,,0.13529126870098179,4.6067664448933963,0.088626231611387607,0
warm-s100,2,115002,48,49152,752.99239603678382,,0.77672894825052141,5048.3182652821733,0.077107054325840724,0
warm-s100,2,115002,96,98304,752.99239603678382,,3.5749329352468617,8045.0329902722933,0.035662484802217675,0
warm-s100,2,115002,144,147456,752.99239603678382,,60.273037075116378,6846.2994145409284,0.023154977444481906,0
warm-s100,2,115002,192,196608,752.99239603678382,,1161.7189319614561,26880.974994136643,0.025008101087996521,0
warm-s100,2,115002,240,245760,752.99239603678382,,25950.844794948745,17703.196466805563,0.016029382279103634,0
warm-s100,2,115002,255,261120,752.68571472167969,,60681.621384939644,21314.470119385362,0.016705034321013352,0
warm-s100,2,115002,288,294912,751.12241236368811,,292005.37792791246,43401.917310025325,0.010666697656646792,0
warm-s100,2,115002,336,344064,749.92849222819007,,1740240.4174641846,369021.61553099257,0.0063289445188454514,0
warm-s100,2,115002,384,393216,749.40949122110999,,6759745.9271180257,5804156.5403094273,0.0049612924408702465,0
warm-s100,2,115002,432,442368,749.24855041503906,,78537474.809676334,4372809.2572411466,0.0057070588449500709,0
warm-s100,2,115002,480,491520,749.12093353271484,,688516829.55520177,7258875.2943313085,0.0046933471113223693,0
warm-s100,2,115002,528,540672,749.03479639689124,,2803008376.3939691,70424101.51821214,0.004396872420268194,0
warm-s100,2,115002,576,589824,749.02028910319007,,7803065429.1663523,105537449.10729115,0.0046093054637988441,0
warm-s100,2,115002,624,638976,749.01299667358398,,21993415350.019783,187175621.86435083,0.0044155490480074153,0
warm-s100,2,115002,672,688128,749.01174418131507,,38734089434.902222,1064805854.4544286,0.0041994102122601129,0
warm-s100,2,115002,720,737280,749.01174418131507,,35096425455.562019,5052852227.5503674,0.0029638238984378684,0
warm-s100,2,115002,768,786432,749.01174418131507,,0.20655396251446653,134.27549042389103,0.13039148984224641,0
warm-s100,2,115002,816,835584,749.01174418131507,,1.1434988909026407,8815.5150807392365,0.087808494621850447,0
warm-s100,2,115002,864,884736,749.01174418131507,,7.4760543342328258,5756.5453360242327,0.03096744374032746,0
warm-s100,2,115002,912,933888,746.84580612182617,,104.91267024668922,35839.986932800173,0.023600631640652375,0
warm-s100,2,115002,960,983040,744.52358500162757,,723.63593622664916,32463.417354314675,0.013656268614674829,0
warm-s100,2,115002,1008,1032192,743.31250508626306,,3969.2355796373154,69891.344792696953,0.01164877677844561,0
warm-s100,2,115002,1056,1081344,742.86693700154626,,8216.5368574072036,1266854.9335157827,0.0051561228148408102,0
warm-s100,2,115002,1104,1130496,742.6984532674154,,20539.434742894104,47968246.292812333,0.0040197032544604669,0
warm-s100,2,115002,1152,1179648,742.66066106160486,,40147.336731834985,145953035.406234,0.003565280759287024,0
warm-s100,2,115002,1200,1228800,742.65755589803064,,175143.97894270698,263747085.98377484,0.0038436957263273956,0
warm-s100,2,115002,1248,1277952,742.65755589803064,,202110.47802700289,413834582.59368533,0.0032344989828857781,0
warm-s100,2,115002,1296,1327104,742.65755589803064,,246997.18417067741,499383428.16112792,0.0029437248948207899,0
warm-s100,2,115002,1344,1376256,742.65755589803064,,0.19536758848442928,16.510870684744543,0.11522923606628893,0
warm-s100,2,115002,1392,1425408,742.65755589803064,,1.2227326600210464,5099.3083299321825,0.087340249451841184,0
warm-s100,2,115002,1440,1474560,742.65755589803064,,8.8279009419068828,74412.265972526729,0.094922114650349096,0
warm-s100,2,115002,1488,1523712,742.65755589803064,,63.949396086532118,10811.664865298821,0.024757454755693815,0
warm-s100,2,115002,1536,1572864,742.65755589803064,,179.16409584896041,267417.54818085273,0.013786001975549777,0
warm-s100,2,115002,1584,1622016,742.65755589803064,,489.16414873529027,9360538.9961059131,0.012107133966383007,0
warm-s100,2,115002,1632,1671168,742.65755589803064,,1089.7026405949405,32411450.125163112,0.0050819300279758258,0
warm-s100,2,115002,1680,1720320,742.65755589803064,,3581.1946631633477,26022280.900381219,0.0050146578102532547,0
warm-s100,2,115002,1728,1769472,742.65755589803064,,8899.0205671863005,150582662.76152411,0.0050880953585087053,0
warm-s100,2,115002,1776,1818624,742.65755589803064,,8620.1306461847344,255493896.75657761,0.0032674947282181062,0
warm-s100,2,115002,1824,1867776,742.65755589803064,,8258.9726981785952,294749260.70457792,0.0030702832100521315,0
warm-s100,2,115002,1872,1916928,742.65755589803064,,0.28896446480376925,1554.872154389293,0.16321239259575421,0
warm-s100,2,115002,1920,1966080,742.65755589803064,,1.8698694910411369,27515.915794206998,0.082809337829141183,0
warm-s100,2,115002,1968,2015232,742.65755589803064,,14.40485347051936,10881.924188721014,0.030425615515442098,0
warm-s100,2,115002,2016,2064384,742.65755589803064,,244.19262797861401,21377.245520304874,0.028294146212174302,0
warm-s100,2,115002,2064,2113536,742.65755589803064,,1195.8374520250022,37158.150723310355,0.013369387703020961,0
warm-s100,2,115002,2112,2162688,742.65755589803064,,3582.6573691242043,4389912.4278051471,0.012804825283518033,0
warm-s100,2,115002,2160,2211840,742.65755589803064,,8973.5089073553008,3806746.1342889899,0.007329161652982405,0
warm-s100,2,115002,2208,2260992,742.65755589803064,,26434.906308222424,13191142.857172986,0.00566182351561952,0
warm-s100,2,115002,2256,2310144,742.65755589803064,,59483.992991447296,184019496.06099826,0.0066064442124577532,0
warm-s100,2,115002,2304,2359296,742.65755589803064,,347015.64042474399,212322995.0511798,0.0071583791699095642,0
warm-s100,2,115002,2352,2408448,742.65755589803064,,397485.25342359801,475447580.83260787,0.0057162945302177614,0
warm-s100,2,115002,2400,2457600,742.65755589803064,,420182.63850518473,530736460.55811656,0.0043941946600218841,0
warm-s100,2,115002,2448,2506752,742.65755589803064,,481276.21907632728,537489669.94944036,0.0031957566048722674,0
warm-s100,2,115002,2496,2555904,742.65755589803064,,480926.95486401953,503372463.48836684,0.0032018101153880449,0
warm-s100,2,115002,2544,2605056,742.65755589803064,,512021.18618665572,654768445.3056916,0.0034813171516964924,0
warm-s100,2,115002,2592,2654208,742.65755589803064,,589840.25118718413,381559220.17935038,0.0028012981171699285,0
warm-s100,2,115002,2640,2703360,742.65755589803064,,570165.45732512639,474531445.63870293,0.0024581629909664468,0
warm-s100,2,115002,2688,2752512,742.65755589803064,,0.20008333241798243,54.920821737793929,0.12970543822365746,0
warm-s100,2,115002,2736,2801664,742.65755589803064,,1.2425379665271958,7143.5350927142417,0.0853791944264361,0
warm-s100,2,115002,2784,2850816,742.65755589803064,,6.4555260711432991,9639.4221704570846,0.033075082593916727,0
warm-s100,2,115002,2832,2899968,742.65755589803064,,117.97916004668346,14684.259004663505,0.022256744485963476,0
warm-s100,2,115002,2880,2949120,742.65755589803064,,788.69663754369776,52575.759772241676,0.016004732336586544,0
warm-s100,2,115002,2928,2998272,742.65755589803064,,1485.1049909981541,3010454.7413365678,0.0055263326009616894,0
warm-s100,2,115002,2976,3047424,742.65755589803064,,3949.6053327361092,72918155.319395989,0.0044902268715752381,0
warm-s100,2,115002,3024,3096576,742.65755589803064,,9631.2902580053596,98439591.465885684,0.003881520296348388,0
warm-s100,2,115002,3072,3145728,742.65755589803064,,22461.27264279532,104527607.72151618,0.0040390736872076543,0
warm-s100,2,115002,3120,3194880,742.65755589803064,,20455.761403205128,2434394255.73525,0.003825633045900534,0
warm-s100,2,115002,3168,3244032,742.65755589803064,,21311.450386895933,2001109906.7207899,0.0035140170107388659,0
warm-s100,2,115002,3216,3293184,742.65755589803064,,0.1984122717765453,93.400565832968752,0.13195867730174524,0
warm-s100,2,115002,3264,3342336,742.65755589803064,,1.0410653388249602,7082.1440179686733,0.079502091462643976,0
warm-s100,2,115002,3312,3391488,742.65755589803064,,8.099688256544459,6942.1299072166867,0.030791948380750628,0
warm-s100,2,115002,3360,3440640,742.65755589803064,,124.35917077057699,9430.7082148544559,0.02739542699280231,0
warm-s100,2,115002,3408,3489792,742.65755589803064,,980.87976488412357,34661.60171431904,0.017581024707021293,0
warm-s100,2,115002,3456,3538944,742.65755589803064,,4729.570517181899,71307.951689673122,0.010732125072468169,0
warm-s100,2,115002,3504,3588096,742.65755589803064,,10395.033806959813,4810009.7815333782,0.0057060876530889504,0
warm-s100,2,115002,3552,3637248,742.65755589803064,,23461.654247676641,18501322.39654281,0.0045127307698766914,0
warm-s100,2,115002,3600,3686400,742.65755589803064,,107135.5493530204,314068258.90389913,0.0070188952218395899,0
warm-s100,2,115002,3648,3735552,742.65755589803064,,122554.57885938029,326719164.33902526,0.0030720660609248915,0
warm-s100,2,115002,3696,3784704,742.65755589803064,,150860.91180932219,377793342.79805809,0.00359328507013657,0
warm-s100,2,115002,3744,3833856,742.65755589803064,,135421.04243980514,621705164.81432259,0.0030517412220539973,0
warm-s100,2,115002,3792,3883008,742.65755589803064,,0.45041579655565228,3908.8214369699458,0.18753107820665482,0
warm-s100,2,115002,3840,3932160,742.65755589803064,,4.5639149474148883,21103.115916971925,0.097286133433180683,0
warm-s100,2,115002,3888,3981312,742.65755589803064,,34.084424294697456,7093.9336848636685,0.037427628561086591,0
warm-s100,2,115002,3936,4030464,742.65755589803064,,598.12110380449951,19758.817478560719,0.031989931800904946,0
warm-s100,2,115002,3984,4079616,742.65755589803064,,6921.5213917196934,13159.62300396842,0.014556327724352475,0
warm-s100,2,115002,4032,4128768,742.65755589803064,,21363.137932977483,711206.55213754042,0.0059497474834286313,0
warm-s100,2,115002,4080,4177920,742.65755589803064,,70354.550373839549,29035187.353943169,0.0041016940868652332,0
warm-s100,2,115002,4128,4227072,742.65755589803064,,171155.71440965313,59570937.601732403,0.0040299996531122069,0
warm-s100,2,115002,4176,4276224,742.65755589803064,,627496.89017968334,77271512.578782558,0.0040406091228406375,0
warm-s100,2,115002,4224,4325376,742.65755589803064,,1445311.9590155708,200305926.66268766,0.0035112921913588351,0
warm-s100,2,115002,4272,4374528,742.65755589803064,,1452814.0552154032,280131083.58143556,0.0027989580273682893,0
warm-s100,2,115002,4320,4423680,742.65755589803064,,1543802.0150927,396441994.69330108,0.0022914572329676818,0
warm-s100,2,115002,4368,4472832,742.65755589803064,,1856026.8161025282,306218472.66677469,0.0023772661818733591,0
warm-s100,2,115002,4416,4521984,742.65755589803064,,0.46433639100101021,3975.1300200779774,0.096861517290760049,0
warm-s100,2,115002,4464,4571136,742.65755589803064,,2.9562913757799349,27278.406978155777,0.08471745696398271,0
warm-s100,2,115002,4512,4620288,742.65755589803064,,40.48241923821525,6682.1276587074226,0.029509254574156842,0
warm-s100,2,115002,4560,4669440,742.65755589803064,,661.69398590103958,23891.450688428675,0.029650823421004942,0
warm-s100,2,115002,4608,4718592,742.65755589803064,,2978.4642258421186,63538.908924626805,0.016547337644661268,0
warm-s100,2,115002,4656,4767744,742.65755589803064,,6227.1236686066641,4682678.0728361728,0.0057115191691743941,0
warm-s100,2,115002,4704,4816896,742.65755589803064,,11445.503500729885,53419262.193258114,0.0030709203205153096,0
warm-s100,2,115002,4752,4866048,742.65755589803064,,35819.627791969222,1794155663.7106917,0.0044829086812489764,0
warm-s100,2,115002,4800,4915200,742.65755589803064,,93731.865471733428,2909249858.9497375,0.0046178501590517498,0
warm-s100,2,115002,4848,4964352,742.65755589803064,,170724.40905631747,1346182734.3628936,0.0028750022784009631,0
warm-s100,2,115002,4896,5013504,742.65755589803064,,198935.56823792413,1279999995.1593263,0.0029104650176017669,0
warm-s100,2,115002,4944,5062656,742.65755589803064,,206497.66612404416,3376771884.3699737,0.0026384283421101704,0
warm-s100,2,115002,4992,5111808,742.65755589803064,,179612.83863485645,4503503102.3381958,0.0030171922379847839,0
warm-s100,2,115002,5040,5160960,742.65755589803064,,204422.53542734749,4438355428.673624,0.0030101063534139954,0
warm-s100,2,115002,5085,5207040,742.65755589803064,,192149.96721105595,5658502599.5980444,0.0022684172619886161,0
warm-s100,3,115003,3,3072,752.99239603678382,,0.12780481825261789,4.4077047354259413,0.079796208701566354,0
warm-s100,3,115003,48,49152,752.99239603678382,,0.76775174871922203,6283.1459024995147,0.08335200661144633,0
warm-s100,3,115003,96,98304,752.99239603678382,,4.168467951155308,7182.9125396878935,0.030832457393993047,0
warm-s100,3,115003,144,147456,752.99239603678382,,59.30240500652252,25783.841195932862,0.028077447309397516,0
warm-s100,3,115003,192,196608,752.99239603678382,,785.32491393239945,14723.955893526168,0.012644551793414322,0
warm-s100,3,115003,240,245760,752.99239603678382,,3648.892795523725,135198.27811177328,0.0071075304030710712,0
warm-s100,3,115003,255,261120,752.99239603678382,,4631.0014577333914,509263.912195476,0.005166464760801303,0
warm-s100,3,115003,288,294912,752.99239603678382,,8891.1822429266504,8234373.5252058292,0.0041946622947738972,0
warm-s100,3,115003,336,344064,752.99239603678382,,24392.889402821565,10561389.376422763,0.0051446576454834613,0
warm-s100,3,115003,384,393216,752.97052892049157,,353445.86239267682,12523530.324937679,0.0055019722201543305,0
warm-s100,3,115003,432,442368,752.7858670552572,,8488819.4056716133,6949234.5243327934,0.0061649936113772766,0
warm-s100,3,115003,480,491520,752.59767532348633,,113847802.98118572,9352055.8234218191,0.0050907639333339595,0
warm-s100,3,115003,528,540672,752.56197357177734,,209262639.26635811,32239613.920272812,0.0048405597742316323,0
warm-s100,3,115003,576,589824,752.54623921712243,,956325017.55405462,94460760.684802935,0.004573746471157253,0
warm-s100,3,115003,624,638976,752.54338073730469,,1390712964.107306,159325853.28711963,0.003884099313687407,0
warm-s100,3,115003,672,688128,752.54338073730469,,1490397923.0184433,190773356.62560618,0.0031922497149820804,0
warm-s100,3,115003,720,737280,752.54338073730469,,1187180187.0845807,302044884.99203539,0.003122943366718655,0
warm-s100,3,115003,768,786432,752.54338073730469,,0.5976110165334686,7174.8593600851063,0.095322338679921945,0
warm-s100,3,115003,816,835584,752.54338073730469,,5.8096701055879496,33793.349381426277,0.074703194129991005,0
warm-s100,3,115003,864,884736,752.54338073730469,,66.171072579570591,11454.852136749701,0.030089680133952666,0
warm-s100,3,115003,912,933888,752.54338073730469,,1018.768333234574,9674.8689422513798,0.015858083058768974,0
warm-s100,3,115003,960,983040,752.54338073730469,,4550.9838091738375,38385.295461779366,0.0078657586701480625,0
warm-s100,3,115003,1008,1032192,752.2168184916178,,9803.3647388472964,5926306.0529251071,0.0056561483081272925,0
warm-s100,3,115003,1056,1081344,752.08650461832679,,24296.2780169896,14616569.92804913,0.0041985748371142521,0
warm-s100,3,115003,1104,1130496,751.99121348063147,,44945.279120784289,29592213.344424967,0.0040868734393427397,0
warm-s100,3,115003,1152,1179648,751.98037846883142,,268908.85519080644,44129498.253320672,0.0041568395115442634,0
warm-s100,3,115003,1200,1228800,751.95031992594397,,365402.51156486664,255489988.36120081,0.002707764241791563,0
warm-s100,3,115003,1248,1277952,751.95031992594397,,368034.69540307793,2704056313.5201359,0.0028807943914253235,0
warm-s100,3,115003,1296,1327104,751.95031992594397,,0.40956245433694111,3759.6857889170428,0.11211117287259231,0
warm-s100,3,115003,1344,1376256,751.95031992594397,,3.0014058137268687,39758.576119925885,0.08817407529786217,0
warm-s100,3,115003,1392,1425408,751.95031992594397,,32.365261777310707,8459.2672012637722,0.030383884293481506,0
warm-s100,3,115003,1440,1474560,751.95031992594397,,639.80112659052804,10951.99845377205,0.019049728815407025,0
warm-s100,3,115003,1488,1523712,751.95031992594397,,5210.1836617167719,36881.873828573509,0.011916961910505281,0
warm-s100,3,115003,1536,1572864,751.95031992594397,,13145.569712108007,1922305.1448655145,0.0052418771045006996,0
warm-s100,3,115003,1584,1622016,751.95031992594397,,31322.836243432339,19400419.23812566,0.0046981734451920481,0
warm-s100,3,115003,1632,1671168,751.95031992594397,,75723.991664557805,23528178.042152703,0.0046867158097848383,0
warm-s100,3,115003,1680,1720320,751.95031992594397,,126110.19338773271,283401414.4707461,0.0029821228353461571,0
warm-s100,3,115003,1728,1769472,751.95031992594397,,129133.69925450048,307589551.66806948,0.0024397202203562027,0
warm-s100,3,115003,1776,1818624,751.95031992594397,,0.16802394876012441,19.57795450240684,0.11015483328351983,0
warm-s100,3,115003,1824,1867776,751.95031992594397,,0.72734439401769169,21121.393416795734,0.097724671834709939,0
warm-s100,3,115003,1872,1916928,751.95031992594397,,6.1595452894766201,6906.7916280375948,0.038474093051628216,0
warm-s100,3,115003,1920,1966080,746.87764231363929,,68.933630486511163,40206.756889922704,0.025648945296199183,0
warm-s100,3,115003,1968,2015232,744.74263636271155,,409.09854108481704,46708.81429046057,0.012269276331075073,0
warm-s100,3,115003,2016,2064384,744.234619140625,,1575.2902284488982,364902.18533183483,0.0078413657256400614,0
warm-s100,3,115003,2064,2113536,743.93484115600586,,3442.2836389232916,7253903.2879628008,0.0063564609389719397,0
warm-s100,3,115003,2112,2162688,743.88303120930993,,7373.03280046277,204283702.73521808,0.0065672241407666952,0
warm-s100,3,115003,2160,2211840,743.85583750406897,,24060.948600807827,349803353.01643181,0.006753743391714917,0
warm-s100,3,115003,2208,2260992,743.84756342569983,,26276.28867873878,621903774.4337424,0.0035772938385787755,0
warm-s100,3,115003,2256,2310144,743.84756342569983,,23693.852057070642,1436629932.4641001,0.0031379728588949202,0
warm-s100,3,115003,2304,2359296,743.84756342569983,,36640.838949544806,1372885063.874532,0.0042733344345130273,0
warm-s100,3,115003,2352,2408448,743.84756342569983,,31515.014774351166,1016539000.9165046,0.0036952564871534431,0
warm-s100,3,115003,2400,2457600,743.84756342569983,,0.44620712652657996,5714.5973025016065,0.1019465694414778,0
warm-s100,3,115003,2448,2506752,743.84756342569983,,3.7843965995775539,28459.900790115193,0.094433604603835639,0
warm-s100,3,115003,2496,2555904,743.84756342569983,,48.968065929279959,7175.0577432012306,0.030018745149637809,0
warm-s100,3,115003,2544,2605056,743.84756342569983,,510.77149101211461,26893.463734327415,0.018817544767604843,0
warm-s100,3,115003,2592,2654208,743.84756342569983,,2138.3412435574824,121446.35910613867,0.0099343009056048308,0
warm-s100,3,115003,2640,2703360,743.54901885986328,,5997.4927848101597,18488150.489207432,0.0078682756654987196,0
warm-s100,3,115003,2688,2752512,743.43786875406897,,13644.026458238181,171803970.70575994,0.0060213039018916026,0
warm-s100,3,115003,2736,2801664,743.41557312011719,,33844.159077386779,4708155595.1576815,0.006111792880922895,0
warm-s100,3,115003,2784,2850816,743.41192245483398,,67193.409960604637,6252640530.6601562,0.0072600081161729073,0
warm-s100,3,115003,2832,2899968,743.41192245483398,,63881.575123045644,4772234483.0556011,0.0041509846260027617,0
warm-s100,3,115003,2880,2949120,743.41192245483398,,62908.601384972484,4906855565.218914,0.0032274991547036843,0
warm-s100,3,115003,2928,2998272,743.41192245483398,,66884.333498372289,9205479795.9140511,0.0029172310950349566,0
warm-s100,3,115003,2976,3047424,743.41192245483398,,67970.916310077911,9002775095.622303,0.002793403499751461,0
warm-s100,3,115003,3024,3096576,743.41192245483398,,87314.302444679037,7912114006.4768305,0.0038014148640360965,0
warm-s100,3,115003,3072,3145728,743.41192245483398,,92724.550121531312,17056839328.594492,0.0040071663406673575,0
warm-s100,3,115003,3120,3194880,743.41192245483398,,99089.514013552456,35618522272.495827,0.0043573974425959025,0
warm-s100,3,115003,3168,3244032,743.41192245483398,,96082.770358262191,9489849428.0792866,0.0027985320487237007,0
warm-s100,3,115003,3216,3293184,743.41192245483398,,0.14395828216927564,6.1799962871473682,0.091225068621678049,0
warm-s100,3,115003,3264,3342336,743.41192245483398,,0.93476740421111459,7869.6352196045918,0.087517551677554609,0
warm-s100,3,115003,3312,3391488,743.41192245483398,,11.480956396006491,44292.434602326757,0.10083558946851623,0
warm-s100,3,115003,3360,3440640,743.41192245483398,,72.255642174122826,9780.6061484523016,0.031473096321701616,0
warm-s100,3,115003,3408,3489792,743.41192245483398,,459.71770328157896,28564.343644030541,0.017083109809660751,0
warm-s100,3,115003,3456,3538944,743.41192245483398,,3001.4329093245415,122653.08508464313,0.014353182549334566,0
warm-s100,3,115003,3504,3588096,743.41192245483398,,9138.8726322676794,2032841.4360355667,0.0068018370299052552,0
warm-s100,3,115003,3552,3637248,743.41192245483398,,28579.117177271175,4882820.8191848248,0.0046889418699639744,0
warm-s100,3,115003,3600,3686400,743.41192245483398,,69355.839750078041,48703388.02740749,0.0048951756418413638,0
warm-s100,3,115003,3648,3735552,743.41192245483398,,134459.67875455067,778668033.53629971,0.0037380625992117326,0
warm-s100,3,115003,3696,3784704,743.41192245483398,,217841.87344544361,808959923.79842949,0.0039339929099512054,0
warm-s100,3,115003,3744,3833856,743.41192245483398,,315613.70826761518,748849820.31800556,0.0034474552540168504,0
warm-s100,3,115003,3792,3883008,743.41192245483398,,384304.89170115703,787112662.59643579,0.00282253684918832,0
warm-s100,3,115003,3840,3932160,743.41192245483398,,367327.21728359279,479001159.54970229,0.0015774256988146549,0
warm-s100,3,115003,3888,3981312,743.41192245483398,,385110.1173910746,999094418.67552996,0.002419045810820389,0
warm-s100,3,115003,3936,4030464,743.41192245483398,,0.3044361201467925,2830.516187127902,0.13958855305459439,0
warm-s100,3,115003,3984,4079616,743.41192245483398,,1.867545372767409,80219.618454668074,0.12091120552092566,0
warm-s100,3,115003,4032,4128768,743.41192245483398,,13.052137969383772,9541.5716472526237,0.027393389445845906,0
warm-s100,3,115003,4080,4177920,743.41192245483398,,129.14344003031869,43926.354519393237,0.019482588063762418,0
warm-s100,3,115003,4128,4227072,743.41192245483398,,581.16211340399707,74222.581558846345,0.012309151705509343,0
warm-s100,3,115003,4176,4276224,743.41192245483398,,1643.5889511100333,1676466.1681424081,0.0065126855173524073,0
warm-s100,3,115003,4224,4325376,743.41192245483398,,3574.7732044288637,53506693.162521124,0.0043648598289944907,0
warm-s100,3,115003,4272,4374528,743.41192245483398,,8588.4494669348951,120729157.75605942,0.0041688972115821168,0
warm-s100,3,115003,4320,4423680,743.41192245483398,,9380.5311848856873,166512860.04469347,0.0029820346152727843,0
warm-s100,3,115003,4368,4472832,743.41192245483398,,8805.3352880802959,206997982.15004501,0.0024183426231132077,0
warm-s100,3,115003,4416,4521984,743.41192245483398,,0.19903009392651561,305.20919883253197,0.12451648662700168,0
warm-s100,3,115003,4464,4571136,743.41192245483398,,0.96104167886610292,28837.740998398196,0.087496842146361789,0
warm-s100,3,115003,4512,4620288,743.41192245483398,,9.6159472586861661,7416.409899159009,0.029787018864964623,0
warm-s100,3,115003,4560,4669440,743.41192245483398,,176.13703342315631,9744.9333689486957,0.026026074272681225,0
warm-s100,3,115003,4608,4718592,743.41192245483398,,901.09027389787161,47571.780609470574,0.014510272968769241,0
warm-s100,3,115003,4656,4767744,743.4102783203125,,2562.0151342166637,5435439.5114637706,0.0095637244520918232,0
warm-s100,3,115003,4704,4816896,743.18297449747718,,5535.8211582977337,11326740.153233876,0.0065601936549410872,0
warm-s100,3,115003,4752,4866048,743.13615544637048,,10613.310856062468,3089117066.344913,0.0041757404358118101,0
warm-s100,3,115003,4800,4915200,743.13041305541992,,21993.968725762497,5606006303.0577898,0.0040865958623296826,0
warm-s100,3,115003,4848,4964352,743.12951151529944,,38918.759534588738,10178897818.346663,0.00483737870515697,0
warm-s100,3,115003,4896,5013504,743.12951151529944,,35264.217852547888,13415632153.830465,0.0038596060541961604,0
warm-s100,3,115003,4944,5062656,743.12951151529944,,34413.781596564681,51865876151.60257,0.0040732108997742697,0
warm-s100,3,115003,4992,5111808,743.12951151529944,,38559.002671997936,49560303135.945702,0.0034823819661617289,0
warm-s100,3,115003,5040,5160960,743.12951151529944,,35157.51335385289,28630327015.844826,0.0025220314614468695,0
warm-s200,1,115001,3,3072,752.99239603678382,,0.21483858137005057,5.4162799712986889,0.065286874111616475,0
warm-s200,1,115001,48,49152,752.99239603678382,,1.1950571895355746,15088.292838401056,0.083065628079805609,0
warm-s200,1,115001,96,98304,752.99239603678382,,6.1992416424426553,11171.50185735951,0.023873762302914246,0
warm-s200,1,115001,144,147456,752.99239603678382,,58.020805404678171,52151.666816894278,0.011723091870175848,0
warm-s200,1,115001,192,196608,752.99239603678382,,182.68042574972395,879675.09689213429,0.0063376408539899242,0
warm-s200,1,115001,240,245760,752.99239603678382,,378.76575318435448,33821292.441893637,0.0049220931119575706,0
warm-s200,1,115001,255,261120,752.99239603678382,,456.19283701745763,92141417.435823098,0.004537022197518923,0
warm-s200,1,115001,288,294912,752.99239603678382,,771.54277444212551,85055647.18480058,0.0040616147307102396,0
warm-s200,1,115001,336,344064,752.99239603678382,,2419.625953542547,320314812.58059776,0.0029339589578685457,0
warm-s200,1,115001,384,393216,752.99239603678382,,2179.4931358549052,1253172381.4172602,0.0031231749466249935,0
warm-s200,1,115001,432,442368,752.99239603678382,,2439.652988939883,692078272.62574875,0.0023951000290761016,0
warm-s200,1,115001,480,491520,752.99239603678382,,2188.3763741580833,634099530.29255176,0.0023111883101081111,0
warm-s200,1,115001,528,540672,752.99239603678382,,2648.3004079098646,1072258682.7550238,0.0026412510843762372,0
warm-s200,1,115001,576,589824,752.99239603678382,,3403.487691314484,1289347739.3282695,0.0030419918687838868,0
warm-s200,1,115001,624,638976,752.99239603678382,,2968.2154147582287,1743513581.4913099,0.0020941455773943571,0
warm-s200,1,115001,672,688128,752.99239603678382,,3198.0512587723097,3247861901.4304037,0.0030567972227043419,0
warm-s200,1,115001,720,737280,752.99239603678382,,3213.0666551845943,2833810474.1569891,0.0025089759817742774,0
warm-s200,1,115001,768,786432,752.99239603678382,,3518.5703868316714,5719458332.7923622,0.0033256310599378849,0
warm-s200,1,115001,816,835584,752.99239603678382,,3992.8607100363138,2824799741.0541782,0.0026535291021403998,0
warm-s200,1,115001,864,884736,752.99239603678382,,4701.8085079625716,3121703929.3289804,0.0031225445515175292,0
warm-s200,1,115001,912,933888,752.99239603678382,,5815.9180343116886,3476382993.1163101,0.0034720552584807341,0
warm-s200,1,115001,960,983040,752.99239603678382,,15334.945564713506,529720219.82949764,0.0034381248518991518,0
warm-s200,1,115001,1008,1032192,752.99239603678382,,16288.13660171813,630682437.17328846,0.0036598840911973561,0
warm-s200,1,115001,1056,1081344,752.99239603678382,,0.28235569770549229,19.258186392552609,0.092148269561083407,0
warm-s200,1,115001,1104,1130496,752.99239603678382,,1.4708867385307676,16825.719638264134,0.07493121973495874,0
warm-s200,1,115001,1152,1179648,752.99239603678382,,10.322513925603541,10188.79725028453,0.027226637642485247,0
warm-s200,1,115001,1200,1228800,752.99239603678382,,100.78475080444382,27491.282120476641,0.012875105077964724,0
warm-s200,1,115001,1248,1277952,752.99239603678382,,261.17270292490696,187743.48690159305,0.0044073374631712981,0
warm-s200,1,115001,1296,1327104,752.99239603678382,,904.77051749150337,12673567.530858796,0.0043638869853241946,0
warm-s200,1,115001,1344,1376256,752.99239603678382,,2488.6880865509725,14336203.651589837,0.0043400281121824119,0
warm-s200,1,115001,1392,1425408,752.99239603678382,,5655.5259453629851,49320840.424218982,0.0039164616538828641,0
warm-s200,1,115001,1440,1474560,752.99239603678382,,11486.101281316047,48176421303.234413,0.0031945330798607671,0
warm-s200,1,115001,1488,1523712,752.99239603678382,,8518.2054090811216,299250235412.25421,0.0028541859890917343,0
warm-s200,1,115001,1536,1572864,752.99239603678382,,0.62351609080223069,2391.1694134384306,0.11202792085603462,0
warm-s200,1,115001,1584,1622016,752.99239603678382,,3.0077762399086265,11709.50010864919,0.041561607324621691,0
warm-s200,1,115001,1632,1671168,752.99239603678382,,25.35018364646276,78305.751788637062,0.024876575179504805,0
warm-s200,1,115001,1680,1720320,752.99239603678382,,225.24036568618791,520331.82514210948,0.0098030861112467921,0
warm-s200,1,115001,1728,1769472,752.99239603678382,,653.55205220958737,8568826.7860414516,0.0049464234952060378,0
warm-s200,1,115001,1776,1818624,752.99239603678382,,2424.9527069316637,164019019.24467212,0.0057241125543148258,0
warm-s200,1,115001,1824,1867776,752.99239603678382,,5024.0590017058039,100635242.40773858,0.003839978298800905,0
warm-s200,1,115001,1872,1916928,752.99239603678382,,15372.377766862601,148051682.71554285,0.0045614416994211853,0
warm-s200,1,115001,1920,1966080,752.99239603678382,,12843.484050991317,240463727.05429968,0.0026946131774624104,0
warm-s200,1,115001,1968,2015232,752.99239603678382,,0.33140238985427761,276.52809063748373,0.095817234808949617,0
warm-s200,1,115001,2016,2064384,752.99239603678382,,1.4653572997838713,15145.611977197335,0.056559727970754592,0
warm-s200,1,115001,2064,2113536,752.99239603678382,,11.177502665379009,15577.438894687313,0.02092876142181507,0
warm-s200,1,115001,2112,2162688,752.99239603678382,,78.076814168171452,32785.53970991043,0.0094066778892720367,0
warm-s200,1,115001,2160,2211840,752.76913960774743,,205.73394542425945,656732.86326512462,0.0056705577276586552,0
warm-s200,1,115001,2208,2260992,752.64590326944983,,351.99297753913635,9837440.9485019427,0.0035046013995491676,0
warm-s200,1,115001,2256,2310144,752.59848403930664,,990.11443426938331,317111714.26706231,0.0050232936044526675,0
warm-s200,1,115001,2304,2359296,752.48127619425452,,4591.0159843197216,629865478.32608891,0.0048007463600110139,0
warm-s200,1,115001,2352,2408448,752.48101552327478,,5040.9706552927173,643515905.22116435,0.0023817168430033237,0
warm-s200,1,115001,2400,2457600,752.48101552327478,,0.18688275045519409,2.9625309819638765,0.056520650449534415,0
warm-s200,1,115001,2448,2506752,752.48101552327478,,1.3190711163933435,8038.0803264710703,0.079331507436296231,0
warm-s200,1,115001,2496,2555904,748.27463150024414,,6.7062132488470221,7970.2375535898227,0.024002839062164355,0
warm-s200,1,115001,2544,2605056,745.66035588582361,,58.634925865900669,70482.109683748946,0.020512623646906508,0
warm-s200,1,115001,2592,2654208,744.26987965901696,,270.0268340553871,106195.26036769466,0.010919561715540692,0
warm-s200,1,115001,2640,2703360,743.82582346598304,,656.69010414386798,9883540.2556354497,0.0084722953558911546,0
warm-s200,1,115001,2688,2752512,743.7554601033529,,931.35860456899968,56829021.970220059,0.0064529612868493005,0
warm-s200,1,115001,2736,2801664,743.73260625203454,,2210.9113130973487,54867245.407105722,0.0052377286894481276,0
warm-s200,1,115001,2784,2850816,743.73161697387695,,3519.8910439379611,346044618.84592581,0.0040677205918793185,0
warm-s200,1,115001,2832,2899968,743.73161697387695,,3678.6047264519543,1099446585.8314459,0.0034988704517085714,0
warm-s200,1,115001,2880,2949120,743.73161697387695,,4425.7752375158552,1099216252.1603637,0.0029265849368994437,0
warm-s200,1,115001,2928,2998272,743.73161697387695,,3924.9519631313888,1186849395.6412654,0.0020423126593772456,0
warm-s200,1,115001,2976,3047424,743.73161697387695,,0.46889811482758137,2842.7817366520535,0.099317864171800413,0
warm-s200,1,115001,3024,3096576,743.73161697387695,,2.2091426689975697,8553.0552055772969,0.028648929041714576,0
warm-s200,1,115001,3072,3145728,743.73161697387695,,41.143498233001964,20354.927837446499,0.021088823216331529,0
warm-s200,1,115001,3120,3194880,743.73161697387695,,181.70409152639496,34370.650648517978,0.011746643961487665,0
warm-s200,1,115001,3168,3244032,743.73161697387695,,492.67213687120005,300344.32843171223,0.0053938559746284486,0
warm-s200,1,115001,3216,3293184,743.55158742268884,,1119.2024677055106,23682759.0036222,0.0045570400040368152,0
warm-s200,1,115001,3264,3342336,743.52903747558594,,2951.0625675586925,259407486.74671218,0.0039247609079881233,0
warm-s200,1,115001,3312,3391488,743.52456283569336,,6945.2587487445371,613852209.59452999,0.007176743113962194,0
warm-s200,1,115001,3360,3440640,743.5238037109375,,20222.296637781092,953337073.17294836,0.0059706569204148038,0
warm-s200,1,115001,3408,3489792,743.5238037109375,,19287.638823912548,1977041933.2290146,0.0039620937603173541,0
warm-s200,1,115001,3456,3538944,743.5238037109375,,19453.39256186079,2752023558.0508766,0.0035383690560718555,0
warm-s200,1,115001,3504,3588096,743.5238037109375,,18361.154043238806,7664006710.8833685,0.0037239745119240757,0
warm-s200,1,115001,3552,3637248,743.5238037109375,,0.855185960274362,5320.1181042622129,0.083669925252433039,0
warm-s200,1,115001,3600,3686400,743.5238037109375,,10.358658528083261,7311.0571337492011,0.0349088416776639,0
warm-s200,1,115001,3648,3735552,743.5238037109375,,117.91008688239907,11829.046938834645,0.019161019142906278,0
warm-s200,1,115001,3696,3784704,743.5238037109375,,561.2710101128132,84140.851870040657,0.013422284671747572,0
warm-s200,1,115001,3744,3833856,743.5238037109375,,1285.1368099016495,3552455.5238290639,0.0051827246026746703,0
warm-s200,1,115001,3792,3883008,743.5238037109375,,2990.335185114362,66293329.262047276,0.0053125920124130668,0
warm-s200,1,115001,3840,3932160,743.5238037109375,,7926.8870793188953,217948562.02265865,0.0055768434009130386,0
warm-s200,1,115001,3888,3981312,743.5238037109375,,20474.935330752443,337874547.63016999,0.0041737900780775211,0
warm-s200,1,115001,3936,4030464,743.5238037109375,,19697.249027753263,748791003.55027926,0.0032788701270305451,0
warm-s200,1,115001,3984,4079616,743.5238037109375,,22750.567769299785,752797023.31848037,0.0035946094248201482,0
warm-s200,1,115001,4032,4128768,743.5238037109375,,20871.122105983792,1048472512.583794,0.002488162587327431,0
warm-s200,1,115001,4080,4177920,743.5238037109375,,23366.824322635519,1768228268.8659713,0.0028795683248506324,0
warm-s200,1,115001,4128,4227072,743.5238037109375,,0.71186194631146482,2724.6694368728486,0.078609611299426702,0
warm-s200,1,115001,4176,4276224,743.5238037109375,,3.597415429354021,5554.6755113555391,0.031428488398121054,0
warm-s200,1,115001,4224,4325376,743.5238037109375,,55.590395967483651,6497.1791693192408,0.023437127659299051,0
warm-s200,1,115001,4272,4374528,743.5238037109375,,526.58609431553782,25108.05914455116,0.014740889899084791,0
warm-s200,1,115001,4320,4423680,743.45467122395837,,2263.208380110585,77683.717610626714,0.011414998538109344,0
warm-s200,1,115001,4368,4472832,742.88300577799475,,4651.7828884959017,621603.97475745389,0.0066403326999922201,0
warm-s200,1,115001,4416,4521984,742.71796798706055,,16988.430180906198,11556052.277595593,0.0046803146528883342,0
warm-s200,1,115001,4464,4571136,742.70110956827796,,41853.107346049161,75544748.953162149,0.0051320748230682268,0
warm-s200,1,115001,4512,4620288,742.69359079996741,,166396.84284874916,665877830.91840017,0.0049127239243086885,0
warm-s200,1,115001,4560,4669440,742.69359079996741,,235673.00766899108,5519214887.0636063,0.0026326433245085078,0
warm-s200,1,115001,4608,4718592,742.69359079996741,,235446.35054720574,6506418557.4906569,0.0027220609404467744,0
warm-s200,1,115001,4656,4767744,742.69359079996741,,228446.4561724925,7909581522.1905403,0.0020101786300958878,0
warm-s200,1,115001,4689,4801536,742.69359079996741,,228259.38693103354,15915732038.588495,0.0021094526875405752,0
warm-s200,2,115002,3,3072,752.99239603678382,,0.23817407780029112,4.8909416377105002,0.075015982822769958,0
warm-s200,2,115002,48,49152,752.99239603678382,,1.1270755735450617,13794.519535817994,0.081970148992402209,0
warm-s200,2,115002,96,98304,752.99239603678382,,5.9803750051061693,10585.698243168055,0.025676241641296876,0
warm-s200,2,115002,144,147456,752.99239603678382,,47.888396145128738,128505.19368013712,0.01731861184070952,0
warm-s200,2,115002,192,196608,752.99239603678382,,289.12085579057197,415472.79277082434,0.0080286710902758816,0
warm-s200,2,115002,240,245760,752.99239603678382,,1072.1909036690088,2108959.8658706322,0.0079488472794198937,0
warm-s200,2,115002,255,261120,752.99239603678382,,1334.3973424047713,4780245.3705386659,0.0065488691627813549,0
warm-s200,2,115002,288,294912,752.99239603678382,,2063.4791382259377,65577696.073835552,0.0056695957888021212,0
warm-s200,2,115002,336,344064,752.99239603678382,,4246.2152827629143,285173724.88363612,0.003832353415366948,0
warm-s200,2,115002,384,393216,752.99239603678382,,11835.92936618479,287725194.67025501,0.0038848162680919277,0
warm-s200,2,115002,432,442368,752.99239603678382,,17857.101967701863,749063941.98774946,0.0028259167617529571,0
warm-s200,2,115002,480,491520,752.99239603678382,,19231.94993511368,9947087129.6839809,0.0026375743808258988,0
warm-s200,2,115002,528,540672,752.99239603678382,,19803.570657979457,22744564342.820545,0.0028597162099485447,0
warm-s200,2,115002,576,589824,752.99239603678382,,17136.006283189185,23987745064.673805,0.0027969259291896402,0
warm-s200,2,115002,624,638976,752.99239603678382,,0.41143563808686978,779.19754701401291,0.11256886086495135,0
warm-s200,2,115002,672,688128,752.99239603678382,,1.7816883597105091,5588.4171380987655,0.03165226283692326,0
warm-s200,2,115002,720,737280,752.99239603678382,,25.616579339160985,17061.482723642988,0.026196084799713557,0
warm-s200,2,115002,768,786432,752.99239603678382,,281.48040214700916,16346.095554286794,0.013425238871030505,0
warm-s200,2,115002,816,835584,752.81719462076819,,1044.3294880955666,97337.872779340192,0.0066189167424448416,0
warm-s200,2,115002,864,884736,752.54733784993493,,2096.8490440416244,2235964.2994528655,0.0041653929999350128,0
warm-s200,2,115002,912,933888,752.46883138020837,,4842.4836150504361,34995543.771387257,0.0041156533214278439,0
warm-s200,2,115002,960,983040,752.45584106445312,,18926.041677762343,34445556.322966024,0.0045785993577128776,0
warm-s200,2,115002,1008,1032192,752.45245107014978,,49163.744686075457,3499881513.7575912,0.0035518867630670876,0
warm-s200,2,115002,1056,1081344,752.45238367716468,,82583.735645890658,5434064335.5722609,0.0029925090682533539,0
warm-s200,2,115002,1104,1130496,752.45238367716468,,99931.678739647396,3881206926.0220232,0.0032865067585750849,0
warm-s200,2,115002,1152,1179648,752.45238367716468,,118279.8600565626,2026755690.3276939,0.0025289067065428334,0
warm-s200,2,115002,1200,1228800,752.45238367716468,,0.46365449771059458,712.79452908393466,0.11266490727483944,0
warm-s200,2,115002,1248,1277952,752.45238367716468,,3.0490296629436844,26812.322626884987,0.082699163913294932,0
warm-s200,2,115002,1296,1327104,752.45238367716468,,28.51089796075253,10372.580639889338,0.025349644934762335,0
warm-s200,2,115002,1344,1376256,752.45238367716468,,462.9243881503416,11749.642331674788,0.015095612608918962,0
warm-s200,2,115002,1392,1425408,752.45238367716468,,1917.7064598638126,74494.123928965142,0.0071915348198892306,0
warm-s200,2,115002,1440,1474560,752.45238367716468,,3042.8204751895832,6576900.3620581953,0.0038510674569788308,0
warm-s200,2,115002,1488,1523712,752.45238367716468,,18097.904512500441,80590143.631296933,0.0047715246992415215,0
warm-s200,2,115002,1536,1572864,752.45238367716468,,463136.51193249546,85726366.719136208,0.0060027916287358537,0
warm-s200,2,115002,1584,1622016,752.41788482666016,,9052191.295585284,149266198.65365446,0.0064015077222443727,0
warm-s200,2,115002,1632,1671168,752.3685201009115,,17751991.847256545,152320070.17265356,0.0038358537619157416,0
warm-s200,2,115002,1680,1720320,752.34726460774743,,63572884.423969351,149390797.78575614,0.0047928221297864077,0
warm-s200,2,115002,1728,1769472,752.34652709960938,,120758967.37697749,6586681856.6773815,0.0037425657360080906,0
warm-s200,2,115002,1776,1818624,752.34652709960938,,106624120.25480989,126400453674.29384,0.0031173317133106151,0
warm-s200,2,115002,1824,1867776,752.34652709960938,,112434265.55372667,481238359559.35889,0.0044295836370526571,0
warm-s200,2,115002,1872,1916928,752.34652709960938,,114888467.07000676,55517768240.046204,0.0020549573980421518,0
warm-s200,2,115002,1920,1966080,752.34652709960938,,0.28435343235478255,36.159361832087612,0.085442498241504322,0
warm-s200,2,115002,1968,2015232,752.34652709960938,,1.3737409542555685,11073.143898535789,0.077064148236460864,0
warm-s200,2,115002,2016,2064384,750.02241516113281,,9.272112208880074,15599.260145249256,0.029084065286531804,0
warm-s200,2,115002,2064,2113536,747.60524113972986,,121.9605488705331,22941.848672180324,0.023914847619352097,0
warm-s200,2,115002,2112,2162688,745.6729405721029,,698.59822253348955,58732.951857270338,0.013458625912417263,0
warm-s200,2,115002,2160,2211840,744.90351104736328,,1879.0067631536763,1421114.1057156869,0.0077926514018189386,0
warm-s200,2,115002,2208,2260992,744.75605519612634,,4151.8603111786251,5075362.1437593233,0.0060617900719922568,0
warm-s200,2,115002,2256,2310144,744.68580627441406,,16073.380653028828,53491241.673269987,0.005393408760017193,0
warm-s200,2,115002,2304,2359296,744.67612202962243,,41501.451612400124,165617093.4733462,0.007704815526436295,0
warm-s200,2,115002,2352,2408448,744.67556126912439,,62426.069250768778,2977933987.5403771,0.0052296466161324499,0
warm-s200,2,115002,2400,2457600,744.67556126912439,,55898.654395110651,10846786359.853195,0.0053046309240020895,0
warm-s200,2,115002,2448,2506752,744.67556126912439,,64635.226142691208,14568554113.649866,0.0039734495970198038,0
warm-s200,2,115002,2496,2555904,744.67556126912439,,75587.203112173331,5156158080.8851414,0.0033519734897546685,0
warm-s200,2,115002,2544,2605056,744.67556126912439,,77164.891522690828,14851492538.731146,0.0033128773934317521,0
warm-s200,2,115002,2592,2654208,744.67556126912439,,84681.792643856752,9521211263.6483192,0.0026869902104122126,0
warm-s200,2,115002,2640,2703360,744.67556126912439,,78668.43399036031,9351604661.1841049,0.0023903913155088694,0
warm-s200,2,115002,2688,2752512,744.67556126912439,,100448.44570174349,7185251928.6273632,0.0024132829969033542,0
warm-s200,2,115002,2736,2801664,744.67556126912439,,95701.992690142128,4101274247.5474577,0.0024235587898134557,0
warm-s200,2,115002,2784,2850816,744.67556126912439,,87239.325884705089,7793605398.0848923,0.0023476809534646245,0
warm-s200,2,115002,2832,2899968,744.67556126912439,,0.8472691945890416,8975.8909594255947,0.069452070537183067,0
warm-s200,2,115002,2880,2949120,744.67556126912439,,6.1077467633649167,9463.2630757710976,0.024134573104520284,0
warm-s200,2,115002,2928,2998272,744.67556126912439,,56.274987083993793,28525.280829123436,0.013844798096453855,0
warm-s200,2,115002,2976,3047424,744.67556126912439,,265.27310650888307,87052.549241165761,0.0091993569982010692,0
warm-s200,2,115002,3024,3096576,744.4466222127279,,858.64582419312501,930139.29213507031,0.0062390536115748381,0
warm-s200,2,115002,3072,3145728,744.31485112508142,,1402.9696301225706,5152156.2077574711,0.0049351617322881186,0
warm-s200,2,115002,3120,3194880,744.2763888041178,,6211.3091944141624,17649184.462521985,0.0068885921591857321,0
warm-s200,2,115002,3168,3244032,744.26719284057617,,12137.912905018846,386094716.89950973,0.0072806099308329849,0
warm-s200,2,115002,3216,3293184,744.26642354329431,,24807.868864349119,375907295.56997114,0.0063208975243205243,0
warm-s200,2,115002,3264,3342336,744.26618321736657,,44149.986343501419,502268140.32208997,0.0067740745457920016,0
warm-s200,2,115002,3312,3391488,744.26131312052405,,39275.552124395428,971941585.96655238,0.0046305717776109747,0
warm-s200,2,115002,3360,3440640,744.26131312052405,,0.90248633428812097,7790.0139496742413,0.064499663947448271,0
warm-s200,2,115002,3408,3489792,744.26131312052405,,7.097679557211392,8919.7835495566342,0.030262335953527932,0
warm-s200,2,115002,3456,3538944,744.26131312052405,,93.161228510194064,27737.97827707306,0.019584438701231891,0
warm-s200,2,115002,3504,3588096,744.26131312052405,,495.90564007485915,31531.790592163343,0.010641142540101189,0
warm-s200,2,115002,3552,3637248,744.26131312052405,,1310.842125882848,388459.63611743826,0.006410878363794845,0
warm-s200,2,115002,3600,3686400,744.26131312052405,,2759.5505236040126,17363168.734547839,0.0057245164607649113,0
warm-s200,2,115002,3648,3735552,744.24119440714514,,6579.4170811865915,76862447.422745481,0.0061535103130514858,0
warm-s200,2,115002,3696,3784704,744.23489761352539,,16140.019192001313,422769029.37641358,0.0055980233117018203,0
warm-s200,2,115002,3744,3833856,744.23489761352539,,14428.179749257808,1010702720.2091184,0.0041784703733942375,0
warm-s200,2,115002,3792,3883008,744.23489761352539,,15349.708226108807,1138935298.0742638,0.0039439238028547239,0
warm-s200,2,115002,3840,3932160,744.23489761352539,,13218.061415727339,984973599.90137494,0.0023547650793351946,0
warm-s200,2,115002,3888,3981312,744.23489761352539,,0.57644080495654104,1940.3736719734313,0.11261980498343306,0
warm-s200,2,115002,3936,4030464,744.23489761352539,,3.2345392506744863,45271.29523953746,0.092517480467011706,0
warm-s200,2,115002,3984,4079616,744.23489761352539,,27.374407247851043,10825.748154743218,0.026403657941746116,0
warm-s200,2,115002,4032,4128768,744.23489761352539,,255.13777401227787,59726.067059185523,0.02228774084896561,0
warm-s200,2,115002,4080,4177920,744.23489761352539,,1583.242610749021,58965.832058323671,0.012216612498466868,0
warm-s200,2,115002,4128,4227072,744.23489761352539,,4176.9819884084145,2730020.7316201776,0.0052759525488719041,0
warm-s200,2,115002,4176,4276224,744.0781364440918,,17413.944493090832,9577266.0103832744,0.005301347113338125,0
warm-s200,2,115002,4224,4325376,744.04783248901367,,53062.887145399094,116353315.51439086,0.0077138500280383368,0
warm-s200,2,115002,4272,4374528,744.04043706258142,,159082.20666287979,403294088.88039345,0.0059063729489498683,0
warm-s200,2,115002,4320,4423680,744.04043706258142,,133366.34261241209,1165431024.5718365,0.0052869553291718654,0
warm-s200,2,115002,4368,4472832,744.04043706258142,,131132.00175643602,3611265051.5355721,0.0045691196372075879,0
warm-s200,2,115002,4416,4521984,744.04043706258142,,129903.76585495927,2855821675.3573856,0.0032377816921972868,0
warm-s200,2,115002,4464,4571136,744.04043706258142,,158265.52555837174,5747552009.7475243,0.004241534129975826,0
warm-s200,2,115002,4512,4620288,744.04043706258142,,178942.64198099036,11022358636.349852,0.0045834115234092351,0
warm-s200,2,115002,4560,4669440,744.04043706258142,,218813.49078241846,14912178110.210621,0.0035793642382751937,0
warm-s200,2,115002,4608,4718592,744.04043706258142,,227746.28817839979,14685228622.947582,0.003080624883225489,0
warm-s200,2,115002,4656,4767744,744.04043706258142,,1.0470388869017437,5203.479670231839,0.070982976488815325,0
warm-s200,2,115002,4704,4816896,744.04043706258142,,5.9320092839252654,7620.7686877363603,0.025622645825566909,0
warm-s200,2,115002,4752,4866048,744.04043706258142,,65.412652786337588,55881.502968837609,0.026398371420741678,0
warm-s200,2,115002,4800,4915200,744.04043706258142,,478.62859646346629,49207.172459200548,0.013555628906353669,0
warm-s200,2,115002,4848,4964352,744.00683085123694,,1873.4664070714809,197535.59100530029,0.0070836561328409689,0
warm-s200,2,115002,4896,5013504,743.72071202596032,,2920.7427379814389,17502847.700495288,0.0062461595007910617,0
warm-s200,2,115002,4944,5062656,743.67812856038415,,6694.5672253137245,193469575.80223992,0.0046273954919629368,0
warm-s200,2,115002,4992,5111808,743.64804585774743,,23598.513762516875,663785227.98799098,0.0061446621317796137,0
warm-s200,2,115002,5040,5160960,743.642100016276,,66187.064839534985,1193366578.5117564,0.0031310982695053483,0
warm-s200,2,115002,5088,5210112,743.642100016276,,53525.779368332311,842010208.36581349,0.0023067287326473947,0
warm-s200,2,115002,5136,5259264,743.642100016276,,53120.563890055637,768769305.07420123,0.0019294390541916445,0
warm-s200,2,115002,5151,5274624,743.642100016276,,48521.061191483655,1909392650.9181097,0.0021044671848736846,0
warm-s200,3,115003,3,3072,752.99239603678382,,0.22267410459913656,4.4705206911421929,0.064514721288268517,0
warm-s200,3,115003,48,49152,752.99239603678382,,1.2750555008214395,10859.490291931837,0.085031936036298925,0
warm-s200,3,115003,96,98304,752.99239603678382,,7.3207659332331003,8985.2821655313837,0.031300278327423922,0
warm-s200,3,115003,144,147456,752.99239603678382,,52.556714659013025,27413.550923068477,0.014960213652016057,0
warm-s200,3,115003,192,196608,752.99239603678382,,216.03135267190856,276778.5475467025,0.0064400288321675358,0
warm-s200,3,115003,240,245760,752.89329147338867,,458.86917696454566,15331653.5126328,0.0062894072119652816,0
warm-s200,3,115003,255,261120,752.86203384399414,,650.44020226114276,25535555.096407112,0.0053253947974900885,0
warm-s200,3,115003,288,294912,752.83112843831384,,937.51939320431529,452778580.94491035,0.0045515356369070052,0
warm-s200,3,115003,336,344064,752.72256978352868,,3857.0991749181062,318559446.68381304,0.0041804242783230585,0
warm-s200,3,115003,384,393216,752.72256978352868,,3354.1545239955158,519194428.77565986,0.0025929411939893611,0
warm-s200,3,115003,432,442368,752.72256978352868,,3191.3087678736251,611578290.49184644,0.0026912587873246458,0
warm-s200,3,115003,480,491520,752.72256978352868,,0.35036059384859075,295.61714425238364,0.091205314438893181,0
warm-s200,3,115003,528,540672,752.72256978352868,,1.9412953218957232,17480.212026202829,0.05797989812287848,0
warm-s200,3,115003,576,589824,752.72256978352868,,23.725066521917039,9827.2800955956245,0.023674207109074346,0
warm-s200,3,115003,624,638976,752.72256978352868,,387.9547194960515,15111.467990500101,0.017857386639471767,0
warm-s200,3,115003,672,688128,752.72256978352868,,1560.7288453641909,182906.41103525332,0.011162555730409082,0
warm-s200,3,115003,720,737280,752.15447743733728,,3089.4067172191012,12327556.496811403,0.0082264533562080456,0
warm-s200,3,115003,768,786432,752.03854497273767,,6650.0130651826985,278961767.16604435,0.0073673893832394794,0
warm-s200,3,115003,816,835584,752.02143351236975,,15994.80462466383,172582924.0111247,0.0046624204695275015,0
warm-s200,3,115003,864,884736,751.9793917338053,,78929.559249369035,1216347669.4288495,0.0049568135290764355,0
warm-s200,3,115003,912,933888,751.9793917338053,,82809.965127214309,2769232882.4548707,0.004563211104328925,0
warm-s200,3,115003,960,983040,751.9793917338053,,83975.982027200327,3126861055.9094586,0.0035940154054709315,0
warm-s200,3,115003,1008,1032192,751.9793917338053,,0.69817236934353688,3972.493214882707,0.068497287734458803,0
warm-s200,3,115003,1056,1081344,751.9793917338053,,4.1382794740950111,9745.1325454683556,0.029654962718049682,0
warm-s200,3,115003,1104,1130496,751.9793917338053,,63.855079059150128,12315.027639673881,0.019223882805900209,0
warm-s200,3,115003,1152,1179648,751.9793917338053,,485.35723722983613,47374.201065061352,0.011213036836942343,0
warm-s200,3,115003,1200,1228800,751.9793917338053,,1420.3021144821812,421075.27851418406,0.0072520142286809277,0
warm-s200,3,115003,1248,1277952,751.9793917338053,,3844.8050893951445,9397629.3953613769,0.0058756519358868489,0
warm-s200,3,115003,1296,1327104,751.9793917338053,,7905.0507540707013,67598634.40084745,0.0048361427745302341,0
warm-s200,3,115003,1344,1376256,751.93907801310218,,22936.903222961439,1662852642.8960249,0.0043609022960485735,0
warm-s200,3,115003,1392,1425408,751.93810145060218,,22137.828959512226,3070308799.2192364,0.0034678774472222383,0
warm-s200,3,115003,1440,1474560,751.93810145060218,,22291.124506075266,1393272213.0728102,0.0023036400401465675,0
warm-s200,3,115003,1488,1523712,751.93810145060218,,0.28790311762420545,458.84197473149106,0.098385876231110517,0
warm-s200,3,115003,1536,1572864,751.93810145060218,,1.241951637863776,6510.5877512933048,0.03255443933692815,0
warm-s200,3,115003,1584,1622016,751.93810145060218,,5.389869413705668,34386.598962160766,0.012231321394884887,0
warm-s200,3,115003,1632,1671168,751.93810145060218,,13.091149116063404,2623580.0902205878,0.0057261572677008927,0
warm-s200,3,115003,1680,1720320,751.93810145060218,,42.964666071703341,31556973.390784152,0.0051972254311052684,0
warm-s200,3,115003,1728,1769472,751.93810145060218,,112.8883177019266,858102222.95495641,0.0043693859765570105,0
warm-s200,3,115003,1776,1818624,751.93810145060218,,221.93486308884297,1093972197.547168,0.0046406045398197579,0
warm-s200,3,115003,1824,1867776,751.93810145060218,,333.04797310174848,831193988.07349908,0.0031833868084296161,0
warm-s200,3,115003,1872,1916928,751.93810145060218,,313.58982835820001,2189378014.7672167,0.0039876093482019591,0
warm-s200,3,115003,1920,1966080,751.93810145060218,,0.39548768496080622,394.59359639547017,0.12083817313428788,0
warm-s200,3,115003,1968,2015232,751.93810145060218,,2.1421294649421401,26043.86606021188,0.076031037965794204,0
warm-s200,3,115003,2016,2064384,751.93810145060218,,21.477561298193116,9274.9853572601478,0.02294437774476046,0
warm-s200,3,115003,2064,2113536,751.93810145060218,,327.49291549515061,17322.307801552837,0.014877424209352562,0
warm-s200,3,115003,2112,2162688,751.93810145060218,,1339.7515892190397,183747.19141562196,0.0093204410196242975,0
warm-s200,3,115003,2160,2211840,751.68791325887048,,2568.1946507579778,9282031.5650937036,0.0076661682642476725,0
warm-s200,3,115003,2208,2260992,751.59648259480798,,11307.008393262213,43222124.005455166,0.0069474276172846886,0
warm-s200,3,115003,2256,2310144,751.57043075561523,,22707.908479437261,56345755.032754965,0.0040862928107884373,0
warm-s200,3,115003,2304,2359296,751.56375122070312,,59052.88744446951,249768879.3866764,0.0045535267996883438,0
warm-s200,3,115003,2352,2408448,751.56375122070312,,67465.761207617688,673504003.1879338,0.0034884205601525449,0
warm-s200,3,115003,2400,2457600,751.56375122070312,,63621.624584006458,2213670375.4773197,0.0042727790024124027,0
warm-s200,3,115003,2448,2506752,751.56375122070312,,68001.267936608958,4752722964.7923918,0.0040283158682030617,0
warm-s200,3,115003,2496,2555904,751.56375122070312,,69468.945179255155,6754886129.7504501,0.0045500984642159927,0
warm-s200,3,115003,2544,2605056,751.56375122070312,,80439.803920882216,10009299806.89299,0.004876672556342462,0
warm-s200,3,115003,2592,2654208,751.56375122070312,,93684.025742572427,3446852917.3029385,0.0037664346353021259,0
warm-s200,3,115003,2640,2703360,751.56375122070312,,95454.087884119552,3663771388.2110114,0.0041659427353552677,0
warm-s200,3,115003,2688,2752512,751.56375122070312,,96041.19124192209,6814337998.747901,0.0041922734659271058,0
warm-s200,3,115003,2736,2801664,751.56375122070312,,99270.056827037944,3718697869.2162995,0.0029192614305576172,0
warm-s200,3,115003,2784,2850816,751.56375122070312,,0.18742528327669958,2.8864679895691578,0.051258651124521472,0
warm-s200,3,115003,2832,2899968,751.56375122070312,,1.3175377414071374,15065.797974680085,0.074712631631210558,0
warm-s200,3,115003,2880,2949120,751.56375122070312,,7.1479635944059616,7295.1127272316498,0.028274239344410593,0
warm-s200,3,115003,2928,2998272,751.56375122070312,,112.50239318292212,13230.607066517596,0.018888612770427356,0
warm-s200,3,115003,2976,3047424,751.56375122070312,,702.12036461114405,131047.62018799115,0.015347713275992103,0
warm-s200,3,115003,3024,3096576,751.5472081502279,,1859.7999400243846,1842971.3462553178,0.0078576761173502121,0
warm-s200,3,115003,3072,3145728,751.364003499349,,3800.5592363781334,7367562.4330580886,0.004246206070388123,0
warm-s200,3,115003,3120,3194880,751.32609685262048,,6674.2823542242459,84746679.319009185,0.0052466288541202924,0
warm-s200,3,115003,3168,3244032,751.32411575317383,,10913.55913606476,339639808.48053795,0.0048346193897819325,0
warm-s200,3,115003,3216,3293184,751.21551005045569,,13168.416958057256,30445033537.791313,0.0040928397047999476,0
warm-s200,3,115003,3264,3342336,751.21551005045569,,13092.762214553704,31376591076.33099,0.0029898883866956781,0
warm-s200,3,115003,3312,3391488,751.21551005045569,,16815.373365196858,37029379999.535728,0.0028681299793862727,0
warm-s200,3,115003,3360,3440640,751.21551005045569,,21107.108237992863,64743515286.865738,0.0026199728651621623,0
warm-s200,3,115003,3408,3489792,751.21551005045569,,20677.755185974253,67002078725.670166,0.0023436619210009794,0
warm-s200,3,115003,3456,3538944,751.2118810017904,,20327.758560418282,137848070896.61554,0.0028790132581897609,0
warm-s200,3,115003,3504,3588096,751.2118810017904,,0.37069432934761698,271.70613880070971,0.10764091964226041,0
warm-s200,3,115003,3552,3637248,751.2118810017904,,1.3709520507558035,10277.858543527571,0.038396979971948589,0
warm-s200,3,115003,3600,3686400,751.2118810017904,,7.7924134945234647,44651.474309680889,0.016075230304507408,0
warm-s200,3,115003,3648,3735552,751.2118810017904,,24.377853327644903,1066192.3683084196,0.0061994441100496249,0
warm-s200,3,115003,3696,3784704,751.2118810017904,,48.734126605402267,5612698.1908970233,0.0048004912872197042,0
warm-s200,3,115003,3744,3833856,751.2118810017904,,132.2430130362298,158375929.16443127,0.0039544430976813632,0
warm-s200,3,115003,3792,3883008,751.2118810017904,,393.39045407993171,1768335785.3763249,0.0041052921760913767,0
warm-s200,3,115003,3840,3932160,751.2118810017904,,687.54190087349957,1289959498.4714525,0.0025468981062889075,0
warm-s200,3,115003,3888,3981312,751.2118810017904,,782.05896717402209,1818235947.3269682,0.0023970306189046516,0
warm-s200,3,115003,3936,4030464,751.2118810017904,,671.07705029845545,3147951210.8956037,0.0024788927334030244,0
warm-s200,3,115003,3984,4079616,751.2118810017904,,0.27389928185825713,58.95784434316765,0.08015162800904943,0
warm-s200,3,115003,4032,4128768,751.2118810017904,,0.98732849308078863,11891.957645532604,0.039086904746315321,0
warm-s200,3,115003,4080,4177920,751.2118810017904,,11.761756961081455,12322.937728827272,0.023622371221076601,0
warm-s200,3,115003,4128,4227072,751.2118810017904,,140.5150378668975,22843.172322510854,0.016394758018746611,0
warm-s200,3,115003,4176,4276224,751.2118810017904,,502.47727035301233,520348.01483599428,0.0099233331280814668,0
warm-s200,3,115003,4224,4325376,751.2118810017904,,1033.0258823039949,8653814.4946918562,0.0077183688060623703,0
warm-s200,3,115003,4272,4374528,751.2118810017904,,1251.4050210969629,30329027.347076535,0.0059163558456117645,0
warm-s200,3,115003,4320,4423680,751.2118810017904,,2736.789656680085,265827972.29060653,0.0068076472278725125,0
warm-s200,3,115003,4368,4472832,751.2118810017904,,6291.0758923758422,494402232.49414176,0.0065049430860583653,0
warm-s200,3,115003,4416,4521984,751.2118810017904,,9853.3845135622778,3585224632.54426,0.0060748566191142312,0
warm-s200,3,115003,4464,4571136,751.2118810017904,,8999.8225017130007,4177364292.6861024,0.0040826245510897346,0
warm-s200,3,115003,4512,4620288,751.2118810017904,,7804.181518358153,10021429641.342241,0.0037389563903092874,0
warm-s200,3,115003,4560,4669440,751.2118810017904,,8591.1400395388137,7024952237.4511299,0.0037373387145793482,0
warm-s200,3,115003,4608,4718592,751.2118810017904,,8779.0038214225442,4306342680.1746922,0.002679438797738882,0
warm-s200,3,115003,4635,4746240,751.2118810017904,,7918.0995238373553,14365210443.387707,0.0033659455616313109,0
