arm,block,seed,jobId,state,termination,optimizerVersion,bestCost,scoredEvaluations,finalEvaluations,iterations,elapsedSeconds
cmaes-single,1,111001,b87075ba-4c69-4602-adbd-8675f017b83d,completed,completed,v0.1.0,911.22232818603516,1219584,1441795,1408,443.227316
cmaes-ipop,1,111001,f024761d-4a79-4a41-853d-45ea74025fd0,completed,completed,v0.1.0,857.45978037516272,6500352,6502403,3454,1884.465194
cmaes-ipop-l64,1,111001,90af264b-2d30-4428-ac71-66ebe74e3cd7,completed,completed,v0.1.0,899.9503072102865,5860736,6502403,11315,2240.122239
cmaes-ipop-l20,1,111001,9f3663cd-1ed3-4152-bb27-6afe94c0ffcc,completed,completed,v0.1.0,890.14032363891602,6415720,6502403,15864,2203.876096
sep-cmaes-single,1,111001,5b88c8b9-107d-4748-b3cf-f2a19f9da7b2,completed,completed,v0.1.0,1026.3736139933269,934912,1044483,1020,253.302594
sep-cmaes-ipop,1,111001,a04dbb46-c2eb-41db-a273-621661496898,completed,completed,v0.1.0,863.42004521687829,6500352,6502403,3017,1893.102548
sep-cmaes-ipop-l64,1,111001,8b3d4eb0-401b-4a8b-9a9a-9409cb09bbd7,completed,completed,v0.1.0,903.35965092976892,1655680,6502403,6677,1887.327408
sep-cmaes-ipop-l20,1,111001,bedcff9c-a3da-4eee-95a3-d2a415226895,completed,completed,v0.1.0,841.79115041097009,5591820,6502403,9895,1616.367742
cmaes-single,2,111002,c89a18b1-a630-4ceb-b8cd-5799e9075217,completed,completed,v0.1.0,864.43690236409509,1761280,2530307,2471,744.094300
cmaes-ipop,2,111002,73cabc60-7fcc-4ee0-b654-325d3ff1f4ba,completed,completed,v0.1.0,864.43690236409509,1761280,6502403,4378,2125.751478
cmaes-ipop-l64,2,111002,9f5434ca-58a1-4caf-b6e8-f87dc8f24910,completed,completed,v0.1.0,902.49424616495764,1711552,6502403,10332,2128.212975
cmaes-ipop-l20,2,111002,adad2641-28e4-4273-8403-985f7dde5fe5,completed,completed,v0.1.0,911.87643432617188,4263760,6502403,32399,2283.859309
sep-cmaes-single,2,111002,2d2e6e02-ba25-4155-b65b-b3b1db877c80,completed,completed,v0.1.0,930.09509531656897,779264,947203,925,244.988937
sep-cmaes-ipop,2,111002,642820c8-503a-4512-b435-c2ecfe33a881,completed,completed,v0.1.0,848.39795303344727,6493184,6502403,2910,1572.042949
sep-cmaes-ipop-l64,2,111002,f532b4ca-9304-4126-af11-371544c2a8df,completed,completed,v0.1.0,918.16913604736328,361920,6502403,6503,2013.410240
sep-cmaes-ipop-l20,2,111002,861d375a-0539-45d8-9589-e7aac32dec67,completed,completed,v0.1.0,828.47307713826501,6444340,6502403,8580,1794.561385
cmaes-single,3,111003,c20e55a2-3a98-41b7-8e96-708e92976bfc,completed,completed,v0.1.0,1021.8302726745605,1304576,1583107,1546,526.339822
cmaes-ipop,3,111003,f5901c33-bd8e-44c7-b2e1-72ec2952fd3d,completed,completed,v0.1.0,887.92769495646155,3895296,6502403,3726,2213.485893
cmaes-ipop-l64,3,111003,e197ff2d-b6af-449a-855b-dc9ebe7a57bd,completed,completed,v0.1.0,912.44625091552734,2964032,6502403,10020,2145.875335
cmaes-ipop-l20,3,111003,2150a8ec-8e9a-458a-aa1c-10a43077de76,completed,completed,v0.1.0,800.84351348876953,6461900,6502403,12725,2151.798729
sep-cmaes-single,3,111003,0a191829-6ba4-4989-aaf9-3a1f461669a1,completed,completed,v0.1.0,928.80701319376624,795648,1030147,1006,311.351271
sep-cmaes-ipop,3,111003,fd701087-0502-4416-8ed7-520d2bfbae7a,completed,completed,v0.1.0,845.0821863810221,4775936,6502403,3447,1578.203443
sep-cmaes-ipop-l64,3,111003,7929c258-150e-4c4a-a626-f26f83e6f95b,completed,completed,v0.1.0,900.92306009928382,6501696,6502403,6378,1729.324506
sep-cmaes-ipop-l20,3,111003,56492d30-8c83-4665-8924-11dba790c8cb,completed,completed,v0.1.0,832.27343877156579,315220,6502403,8722,1840.484706
cmaes-single,4,111004,8bb634ce-024b-4f0e-87a8-6194dabb8995,completed,completed,v0.1.0,1219.253308614095,1149952,1799171,1757,646.360755
cmaes-ipop,4,111004,83828500-c851-418c-a048-0d67d3963854,completed,completed,v0.1.0,1158.1447995503743,4236288,6502403,3801,2126.918038
cmaes-ipop-l64,4,111004,69d48935-1f10-4765-bfe4-946b929b334b,completed,completed,v0.1.0,909.30586242675781,2862144,6502403,9099,2452.819415
cmaes-ipop-l20,4,111004,237c10ea-bb2b-44d4-a59b-b71549388b90,completed,completed,v0.1.0,828.76765696207679,1927780,6502403,12669,2178.628396
sep-cmaes-single,4,111004,6764400b-ac17-4f86-a4e9-e9122a5ab511,completed,completed,v0.1.0,906.50204722086585,598016,653315,638,173.867461
sep-cmaes-ipop,4,111004,b5635df6-7505-4d6d-a48e-ded8c97558df,completed,completed,v0.1.0,875.38711420694983,6502400,6502403,2826,1690.789375
sep-cmaes-ipop-l64,4,111004,368e128f-eeca-4298-9b57-e246254a809d,completed,completed,v0.1.0,884.66771189371741,4154688,6502403,7231,1959.632843
sep-cmaes-ipop-l20,4,111004,b6113cb7-ce9b-4f5a-836e-b1b8b015e0d3,completed,completed,v0.1.0,884.42577997843421,2256840,6502403,8914,2056.433561
cmaes-single,5,111005,19a900f6-e1e9-4b59-ba95-2f6345971450,completed,completed,v0.1.0,956.19165166219079,1643520,2190339,2139,536.368035
cmaes-ipop,5,111005,b74d8756-28f8-4f67-8a29-21ba112b5714,completed,completed,v0.1.0,956.19165166219079,1643520,6502403,3980,1905.753275
cmaes-ipop-l64,5,111005,22f082ec-5af0-4ef6-9bbf-0869cd9eaf9d,completed,completed,v0.1.0,861.18997701009118,3048192,6502403,9386,2295.845887
cmaes-ipop-l20,5,111005,0f3f7311-2759-4d0c-89da-6d77d5524120,completed,completed,v0.1.0,895.15509287516272,1918280,6502403,12788,2404.229493
sep-cmaes-single,5,111005,edbc8f86-04a4-4231-aa75-7803639d680e,completed,completed,v0.1.0,1014.8622703552246,1332224,1484803,1450,574.038253
sep-cmaes-ipop,5,111005,52393287-06dc-4f6b-87ef-a602fe170b5d,completed,completed,v0.1.0,1014.8622703552246,1332224,6502403,3496,1883.623403
sep-cmaes-ipop-l64,5,111005,bf49b723-128b-4f8f-90dd-5e572f712090,completed,completed,v0.1.0,845.84369786580407,6502400,6502403,6022,1965.863358
sep-cmaes-ipop-l20,5,111005,1a06c43a-9658-433c-8dd4-9b6d24795dbd,completed,completed,v0.1.0,832.55387496948242,495020,6502403,9366,1851.404263
cmaes-single,6,111006,ee11d1a0-dcf3-481a-bf98-b7bb6ce83cfc,completed,completed,v0.1.0,1129.9530245463054,1887232,2156547,2106,872.744894
cmaes-ipop,6,111006,435613c4-98c6-40db-803c-7d6f88a414e9,completed,completed,v0.1.0,900.55649058024085,4544512,6502403,3957,2496.443653
cmaes-ipop-l64,6,111006,d782da0d-0d87-44bd-89da-0c9f3647f09b,completed,completed,v0.1.0,852.12366104125977,3176064,6502403,10249,2273.559186
cmaes-ipop-l20,6,111006,add56bbb-b64a-45dc-b62b-082096b22830,completed,completed,v0.1.0,855.57773971557617,6112600,6502403,13368,2136.852541
sep-cmaes-single,6,111006,75c231f0-07b2-4683-a01a-12abe8df13f0,completed,completed,v0.1.0,1042.7758102416992,754688,876547,856,222.506830
sep-cmaes-ipop,6,111006,6945a6b7-3b84-4a6a-b191-d7431ef677fa,completed,completed,v0.1.0,845.38111623128259,6500352,6502403,2933,1694.493899
sep-cmaes-ipop-l64,6,111006,3c309c90-99ac-4976-bb07-b5fc299f00bb,completed,completed,v0.1.0,842.55319468180335,3523072,6502403,6962,1672.667267
sep-cmaes-ipop-l20,6,111006,3d49f58d-7aab-440c-bba0-7b3d2338a6c9,completed,completed,v0.1.0,867.2996724446615,5446980,6502403,8817,1859.050028
cmaes-single,7,111007,bf45cdaf-c02f-436d-8e5a-1a37ef6760e7,completed,completed,v0.1.0,883.55600992838538,1147904,1552387,1516,441.702761
cmaes-ipop,7,111007,a7959ac1-a3da-4a9b-8c3f-71549ac47974,completed,completed,v0.1.0,820.91655222574866,4403200,6502403,3685,1890.235422
cmaes-ipop-l64,7,111007,6c9265dc-8df8-4538-954b-45b78101b141,completed,completed,v0.1.0,893.11604309082031,3006720,6502403,9858,2155.754579
cmaes-ipop-l20,7,111007,785dcb20-a19f-4da9-8b30-014aeeae28ef,completed,completed,v0.1.0,884.29320526123047,6501520,6502403,13293,2237.990936
sep-cmaes-single,7,111007,d2308d1b-d237-4184-bf30-c6e53916b1d7,completed,completed,v0.1.0,849.74995676676429,1230848,1532931,1497,409.307443
sep-cmaes-ipop,7,111007,d70d5d11-0aef-48a3-b8e0-381e72a63639,completed,completed,v0.1.0,849.74995676676429,1230848,6502403,3730,1690.840928
sep-cmaes-ipop-l64,7,111007,357bc1c2-d47b-4156-b36d-036fbac81668,completed,completed,v0.1.0,860.92944208780921,368640,6502403,6525,1905.870855
sep-cmaes-ipop-l20,7,111007,a7cd1599-21d7-4712-a7f4-7f9401ec42b8,completed,completed,v0.1.0,815.63028971354163,2283120,6502403,10632,1803.516807
cmaes-single,8,111008,f72218ab-cfd6-4738-98c8-efa645f9e70c,completed,completed,v0.1.0,869.06100336710608,1329152,1501187,1466,519.799739
cmaes-ipop,8,111008,c69c41ed-e554-42e7-a623-b2827eddd359,completed,completed,v0.1.0,774.64609400431311,4419584,6502403,3510,2048.562486
cmaes-ipop-l64,8,111008,9cf964bc-8b1a-499c-bcc2-5cdacd0b0dcc,completed,completed,v0.1.0,896.44989522298181,6402496,6502403,12209,2137.720473
cmaes-ipop-l20,8,111008,aafa2f1e-1e91-4106-aca6-8fd078f36a21,completed,completed,v0.1.0,931.41701761881507,3822380,6502403,13173,2216.043278
sep-cmaes-single,8,111008,e378ad22-d529-4c6e-8e64-94abff3721d2,completed,completed,v0.1.0,1118.4308611551921,1090560,1215491,1187,293.408450
sep-cmaes-ipop,8,111008,0fef6793-bbfa-47fa-9956-99aefb4191e2,completed,completed,v0.1.0,882.07351430257165,2952192,6502403,3127,1558.767784
sep-cmaes-ipop-l64,8,111008,6aae441b-db45-44e0-bce7-a0fe584f2a1d,completed,completed,v0.1.0,848.91588973999023,3731648,6502403,6381,1838.382257
sep-cmaes-ipop-l20,8,111008,abdbf837-64bc-4d06-a3e2-cc4762a5efef,completed,completed,v0.1.0,824.9618924458822,1460020,6502403,9823,1678.436289
cmaes-single,9,111009,5a3d8edd-dbe8-4460-a7dd-efd4d0f55375,completed,completed,v0.1.0,911.38956832885742,1498112,1779715,1738,599.280215
cmaes-ipop,9,111009,298e3515-9a9f-4624-94ea-77d5e4e5ab25,completed,completed,v0.1.0,911.38956832885742,1498112,6502403,3912,2038.556318
cmaes-ipop-l64,9,111009,cf6321f3-980f-499e-9a8f-d9b55692e427,completed,completed,v0.1.0,890.97739028930664,6502400,6502403,8290,2118.050445
cmaes-ipop-l20,9,111009,eb3d9f0e-62ec-4976-962b-cb3a74b4d219,completed,completed,v0.1.0,840.71912384033203,2459560,6502403,16885,2357.473094
sep-cmaes-single,9,111009,4efcbc76-c1aa-44f9-a650-22ecb7113c6b,completed,completed,v0.1.0,908.14848327636719,605184,733187,716,196.834062
sep-cmaes-ipop,9,111009,9f66f350-cea4-4b42-8f19-c0748244c238,completed,completed,v0.1.0,865.77431996663415,2623488,6502403,2779,1542.870448
sep-cmaes-ipop-l64,9,111009,0e7ab6a5-594a-47dc-ba7b-fc3199f72145,completed,completed,v0.1.0,853.47611490885413,6493568,6502403,6475,1729.348285
sep-cmaes-ipop-l20,9,111009,32d7b4a4-11db-42bd-8c9b-14ee67da44fa,completed,completed,v0.1.0,884.25526173909509,290400,6502403,9658,1765.603325
cmaes-single,10,111010,f80461bd-b67a-49c5-99cb-7c674a42d267,completed,completed,v0.1.0,902.31730143229163,1295360,1494019,1459,503.815986
cmaes-ipop,10,111010,0ebd471b-4877-47b6-a6b6-0fb45efcd606,completed,completed,v0.1.0,885.73345311482751,3689472,6502403,3422,2025.123745
cmaes-ipop-l64,10,111010,2f3352b2-6935-4913-bed0-8a722f986c88,completed,completed,v0.1.0,922.05020268758142,628416,6502403,9864,2151.532915
cmaes-ipop-l20,10,111010,d7189aec-3b20-48c7-a69f-2d8228fdfecb,completed,completed,v0.1.0,884.98109308878577,6496340,6502403,13211,2180.539435
sep-cmaes-single,10,111010,e13827b4-db3c-4e59-987a-492bac8e9fe8,completed,completed,v0.1.0,916.9603169759115,864256,1024003,1000,272.072791
sep-cmaes-ipop,10,111010,a750aa48-8177-4e28-a657-3589532d2474,completed,completed,v0.1.0,883.92442576090491,2508800,6502403,2847,1676.946861
sep-cmaes-ipop-l64,10,111010,e1a4298d-60ba-4762-9201-a3a3f19da10d,completed,completed,v0.1.0,849.41843414306641,6501824,6502403,8218,1762.454788
sep-cmaes-ipop-l20,10,111010,bf281307-1f95-4885-bb04-b7764f004578,completed,completed,v0.1.0,828.61667887369788,2141740,6502403,9107,1600.551748
cmaes-single,11,111011,8d84b96c-fdf6-48ea-a596-973843faa153,completed,completed,v0.1.0,853.24472427368164,1507328,1766403,1725,630.874241
cmaes-ipop,11,111011,7ed52b6d-e510-485a-8da5-621334586f30,completed,completed,v0.1.0,853.24472427368164,1507328,6502403,3727,2047.182912
cmaes-ipop-l64,11,111011,ab232131-179a-499e-9ebb-1c560242c160,completed,completed,v0.1.0,941.59640630086267,263040,6502403,9288,2397.178264
cmaes-ipop-l20,11,111011,c828cf25-8dda-4fa9-a096-cad6a3336c6f,completed,completed,v0.1.0,964.58217239379883,1600920,6502403,12680,2091.555393
sep-cmaes-single,11,111011,38a7e000-a958-428e-964a-a5b220a29559,completed,completed,v0.1.0,918.37164179484046,708608,977923,955,295.464839
sep-cmaes-ipop,11,111011,db273db1-2552-45e8-875c-5b3ccd412bef,completed,completed,v0.1.0,825.2774327596029,3634176,6502403,3076,1611.436820
sep-cmaes-ipop-l64,11,111011,38f6271d-5d01-4351-b107-89af4bbd8dbc,completed,completed,v0.1.0,899.82957458496094,6498752,6502403,7058,1792.504505
sep-cmaes-ipop-l20,11,111011,6c0f52c3-1f7b-4169-add2-dc6ea3fa7a25,completed,completed,v0.1.0,893.87553278605139,544240,6502403,9400,1944.238715
cmaes-single,12,111012,14f18db3-6595-44c5-bd88-ad7ded1b2e5b,completed,completed,v0.1.0,940.44022750854492,1054720,1605635,1568,508.182384
cmaes-ipop,12,111012,31c59f6f-6a4c-4719-a6de-c7cdefa0b565,completed,completed,v0.1.0,838.06437047322595,3934208,6502403,3574,1869.426147
cmaes-ipop-l64,12,111012,fef77f43-f06f-4aff-b8a5-b087b4df0a30,completed,completed,v0.1.0,839.87207921346032,5552256,6502403,11160,1899.662150
cmaes-ipop-l20,12,111012,ebffe17c-2ebe-4401-aa2d-53119f81d276,completed,completed,v0.1.0,876.747304280599,6502400,6502403,13199,2164.643988
sep-cmaes-single,12,111012,834176bc-7ec2-4711-824d-6b37e3dd0fe0,completed,completed,v0.1.0,854.19841257731116,885760,1060867,1036,262.691128
sep-cmaes-ipop,12,111012,d5ca8fb4-7aee-4972-a1e1-e1c6d8da0e00,completed,completed,v0.1.0,854.19841257731116,885760,6502403,3406,1421.314265
sep-cmaes-ipop-l64,12,111012,8b2426b8-7a84-4260-9cff-bf1f4d8ad781,completed,completed,v0.1.0,817.73118464152014,187520,6502403,6718,1580.607756
sep-cmaes-ipop-l20,12,111012,cc49d8bc-27de-4079-87e2-2a941959a019,completed,completed,v0.1.0,859.48301696777344,6502400,6502403,10001,1570.974172
