circles,bestCost,gainFromPrev,jobId,evaluations
16,546.1567522685,,5ff71faf-edc5-4639-a6d7-8fd8154ee4cf,23
17,537.2491213481,8.9076,54808bf7-fcf7-43ee-ad49-b0e73f0ab1b1,451806
18,527.2501869202,9.9989,07ca402d-428d-4af1-9808-e06ad7250512,901797
19,517.6005999247,9.6496,7f62694b-522f-45d5-a217-d205d4d40b64,1355244
20,509.5869013468,8.0137,88dde44b-3e30-4102-886b-05d05e79bb47,1801587
21,502.6027526855,6.9841,d6e06560-e90a-4e5c-8f9e-ed59720eaf06,2247802
22,496.2957369486,6.3070,b8f6ad25-31cc-4947-9dfd-bd3c6ccd1a55,2701697
23,487.4392013550,8.8565,7ad8790e-b504-4486-8ed5-7caefdbfcb5d,3156488
24,481.9189682007,5.5202,c4e99fdc-dfb1-450e-9c04-1ab7b2735530,23
25,475.4709917704,6.4480,a185ee45-c00b-4442-802a-3d5a2dfffae3,450910
26,471.0245971680,4.4464,8e4fb50c-1101-405b-9481-130549cecff5,902117
27,466.3560129801,4.6686,5dec7318-436e-4bba-bf09-b8570138fdfb,1355628
28,460.6657460531,5.6903,0735b609-7ba6-4dcd-aae7-19205584b363,1803699
29,452.0575205485,8.6082,d1f7ac8c-818f-4d82-8d72-832473a787ba,2256634
30,447.0064366659,5.0511,22f72c5f-d66a-4a22-ba16-e9a9c728e9a2,2708673
31,443.6773211161,3.3291,290e55a2-9019-4a7b-90e1-c0bc3e64b2db,3165704
32,440.3808886210,3.2964,1995f83d-2a5d-4155-b7dd-df3e8ce5ec2a,23
33,437.2603836060,3.1205,6c879b53-1bf3-4c27-b454-eded3dac3834,454942
34,434.4043858846,2.8560,6b2c4306-cf55-429c-abe6-45f7b846198b,909477
35,430.5667915344,3.8376,344234f1-6feb-432c-bdcb-6328c47144d9,1363884
36,426.9890632629,3.5777,af05248f-1d8e-4d5e-8acf-efc803d8133a,1816691
37,419.7817827861,7.2073,88bb82b3-a30e-40ca-b4c8-591f08ee298e,2264442
38,415.9770863851,3.8047,b425310f-8d4a-4cb4-9fb8-5d05ddc1093b,2711553
39,412.6786460876,3.2984,832eaffe-290d-4861-bbd0-99aa6f6e8d7c,3161800
40,409.3674278259,3.3112,84679726-008b-4452-9dac-407044db6797,23
41,406.4058163961,2.9616,5052e265-2ecd-4126-a13d-5a4ad7e6d6e2,452894
42,403.7435302734,2.6623,861b724f-8de4-47f8-aa85-decd3350c071,904677
43,401.2640419006,2.4795,525723b0-892d-41d6-8c5b-a4d401e27dd3,1354796
44,398.2716649373,2.9924,fdcc9ff9-8b47-4fad-8ce6-34063c9701e2,1802675
45,395.8047676086,2.4669,7d425759-d61b-45b4-b244-2cfa3a0474e6,2258938
46,391.9528643290,3.8519,fa847a91-4b44-4183-8ed9-6ae373ec4382,2710273
47,389.7791315715,2.1737,8017c770-06d2-4e66-932a-45f7448b56dc,3160968
48,387.8952509562,1.8839,5003d7ca-a4a1-43c8-95d8-af3ed30e4128,23
49,385.5376904806,2.3576,9c5c355d-003a-4099-9f67-f6f1e032febb,447966
50,382.6660804749,2.8716,91ae7216-a1bf-4096-9e48-b8855c4e1625,902309
51,380.8998540243,1.7662,ea5090bc-150d-4dd3-b93d-fce18b648ab7,1359148
52,379.0477994283,1.8521,1918e884-d6dc-4667-9a00-0d39f96208cd,1808691
53,377.2179272970,1.8299,a4f795ab-c891-41ab-82ab-db8d12a07dc4,2262458
54,375.3950055440,1.8229,996637c6-4c48-432d-9fb2-8b8c414ce2e8,2717249
55,373.2015991211,2.1934,08f1f8d5-d8f7-4ffb-8bb9-6fdccab53eb2,3165064
56,370.1408182780,3.0608,755b962a-e036-495a-85cf-cf65169e39a1,23
57,368.2213147481,1.9195,61680dd4-c4fa-491d-aa23-481102bbc68b,448734
58,366.4662513733,1.7551,cd51bc73-08c3-4b85-b828-e832f3958b29,901413
59,364.7738138835,1.6924,18bb5db3-6d9d-45b0-b7f9-ea660dfb22cd,1351276
60,363.1276092529,1.6462,fd5be287-cf14-4191-b0c5-9d5846f67ea6,1799859
61,361.3213958740,1.8062,47609dd7-dfaf-4fa7-8b16-b69e0a3ea623,2252154
62,359.8408851624,1.4805,7095465c-b59d-46cd-856b-2ca0901b6de4,2704513
63,357.6239827474,2.2169,b351b281-7479-4e6f-88a4-1af5b9b786fb,3159624
64,356.2950439453,1.3289,5a806b87-e810-4818-9703-a6bc5b4267da,23
65,355.0280342102,1.2670,64ed715e-9f99-4f9c-b87f-16edc4184288,453214
66,352.9576187134,2.0704,769583f2-3d6c-4ceb-8908-0488a033a3d1,902053
67,351.2402407328,1.7174,d82f8757-ac88-4c13-8a07-6e91f3ccbfd7,1355948
68,349.5540466309,1.6862,72415b3a-665b-4622-99f6-5e18d9038483,1806451
69,348.3856455485,1.1684,99929a8d-a469-417f-a9e0-a19fca8442c2,2261754
70,347.0705324809,1.3151,6126e439-d7e6-4422-a89c-6a891e65e8ee,2713985
71,345.5217196147,1.5488,e3e73117-7fa6-4b96-8a04-95a2cf4e7713,3165832
72,344.5348904928,0.9868,305de8b8-5b56-4d76-a4ee-6552e5936076,23
73,343.4298426310,1.1050,afb9db5f-09ac-4c66-9b1d-7a2e6e55b0b8,448926
74,342.4335924784,0.9963,12aa86a0-5d2d-487b-837e-de70b34107ae,895717
75,341.2311019897,1.2025,6ea01135-505e-4e82-b7e5-86b542f583be,1341612
76,340.1708806356,1.0602,8d0d05fa-e87e-4832-b13c-724308680deb,1787891
77,338.7472813924,1.4236,1897542c-de84-4193-a8c6-a07a70aaac92,2235706
78,337.9959945679,0.7513,5124b5f0-62bc-4d40-bd9c-927969806c72,2681985
79,336.9494527181,1.0465,f6798b99-c1de-424c-823c-1ec916bce7d0,3135240
80,335.6533393860,1.2961,774e7d8e-543c-4275-a857-5f5657df16e2,23
81,334.8605766296,0.7928,de61884d-a088-4573-8a92-79b095f30a36,449822
82,333.5976219177,1.2630,1a37c168-dcb7-49db-aa8c-870411459a1e,900773
83,332.0865618388,1.5111,494780d7-46dd-4ae9-be73-10434d58c3d7,1353452
84,331.0291900635,1.0574,07255341-84d1-4f50-bf85-8a79aa515376,1801523
85,329.9547538757,1.0744,f68aa7ee-30a5-4782-bbad-9c4311053223,2260538
86,328.5682220459,1.3865,2d6d1917-c714-42d1-9c87-8816ea339102,2707905
87,327.5318705241,1.0364,0dbfd6ac-8177-4c16-a2a5-93efc5c23a84,3155272
88,326.6661809285,0.8657,8882ef44-2777-4932-9568-b2062ba13198,23
89,324.8494656881,1.8167,e8504f31-0576-4b0d-8755-a03d44d82a26,450014
90,324.0860455831,0.7634,db8d862c-3244-4baf-998e-5d5bf05ae10f,902501
91,323.4423802694,0.6437,0ffe3f1f-e405-45aa-a2a2-ff90fd7ec43b,1356780
92,322.7972068787,0.6452,741f512b-645b-4e00-bba8-83398404c403,1804019
93,321.4383265177,1.3589,cf3f72a0-9c78-43d2-8dee-3471c868dd2a,2250554
94,320.6684481303,0.7699,2b998463-82ba-4077-a5f4-a3810fbac208,2698945
95,320.0789197286,0.5895,4f386ee3-4d32-4978-b73d-7817bb1697dd,3150984
96,319.2953236898,0.7836,58e2d550-87a8-4cae-97b9-924806413dda,23
97,317.8032099406,1.4921,c42ff582-79d4-47cc-9679-1223dcc4aa01,450078
98,316.6557490031,1.1475,8a6e551a-7523-4c75-9c26-faff5591a1ae,904869
99,316.0225270589,0.6332,ec51c4e5-4daf-42c7-95bd-7aef2f81945c,1358380
100,315.2858467102,0.7367,d04498d8-7d17-4756-85e2-706cff3c5ca7,1812851
101,314.4078623454,0.8780,f63d928c-1aec-42e6-b0b3-03b76551b899,2266042
102,313.7913462321,0.6165,94f54a93-7d20-45c1-b97b-d43085f89672,2711937
103,313.1052449544,0.6861,082d696e-02bd-46ff-919c-9eafcd5677d5,3166088
104,312.4028460185,0.7024,34bf6b6b-8f48-48f7-85b6-7634500c002c,3612367
105,311.7321688334,0.6707,911a9154-d230-47a9-bc4c-806b12932ded,3983249
106,310.0237731934,1.7084,a14f3a0e-4629-4a25-8bcf-00c094aba9c7,4437016
107,309.1451009115,0.8787,3d31aceb-54ec-43f1-9269-d3580e9ff5bb,4884703
108,308.5394833883,0.6056,4cd14296-ae09-4ca8-8295-83cc2ebc9d2c,5338406
109,307.5811767578,0.9583,a7d442a0-1e62-49a4-984b-528eadef1c43,5784237
110,306.3594131470,1.2218,01e03b0f-2b36-47b6-9771-ac720ee25ba9,6234996
111,305.5857391357,0.7737,d1ceef4d-490b-4694-9a47-fc1b73f871f5,6689467
112,304.9983584086,0.5874,eaf11ce7-dfa8-4c8a-8f52-d926224670c9,7135298
113,304.1452496847,0.8531,05dd33fd-27b4-474d-9c1d-9e2b699d2bb8,7588233
114,303.3626060486,0.7826,88b44211-1707-4516-b7be-dc9096f3c6a1,8044368
115,302.6034787496,0.7591,da2c9656-7d5c-4664-b55d-7ca5c6e33b2d,8494743
116,301.8637199402,0.7398,6ee7017a-5fec-4c1a-921a-823fcb8e88c0,8942110
117,301.0793139140,0.7844,b5ffbabe-a803-4273-b366-6ee14b68e959,9397029
118,300.4320971171,0.6472,3cac49bf-b354-4193-b886-2ecdcf56c6f5,9852332
119,299.7861035665,0.6460,d718e00d-cbc7-47fc-92fa-7bd5608a3027,10304307
120,299.1818618774,0.6042,ad55ebe6-ae0f-410a-b760-ea473524d834,10753082
121,298.6600011190,0.5219,58251343-1b06-436b-b2c5-9faf57748297,11209281
122,297.7679888407,0.8920,a1de8121-f14f-4e6f-a454-f6e8ce04e1a2,11659464
123,297.0246899923,0.7433,a5696d57-f880-4227-a924-e155508b18b9,12116943
124,296.4344342550,0.5903,f51e8556-27e4-408a-82a1-1cbf0a710ccb,12570902
125,295.8602727254,0.5742,1eecb23b-1158-45c1-8955-5dcfefd4e651,13020573
126,295.1603800456,0.6999,9216227f-ade0-4250-80a3-60aad9586cea,13468068
127,294.1957244873,0.9647,2258fb64-8275-4181-8c6f-1f9d46ddf552,13916395
128,293.3710835775,0.8246,ba5eb1ee-4df2-4216-94ec-df3ba2dcef56,14373298
129,292.7300796509,0.6410,82fff255-e3ce-4769-86dd-d9e057a3931f,14824697
130,292.1220041911,0.6081,660ce41a-86f5-4773-8593-a32beadbbcd9,15280448
131,291.1252975464,0.9967,024775d6-5553-4f68-870f-93347fb44acf,15732359
132,290.4596519470,0.6656,d1310a5b-1183-4748-9293-f049fa4a5577,16181646
133,289.2008730570,1.2588,9aa84c16-0244-4bd0-904e-9d0d5f4f65b4,16634133
134,288.5388679504,0.6620,5ae5687e-cc93-401c-8a0e-ea03ab704a13,17088348
135,287.9769020081,0.5620,7f8386b7-2f4a-45ff-9d12-a5ce483ce529,17541731
136,287.0176823934,0.9592,5881bf38-39fe-41eb-9255-46731126b6c2,17998314
137,286.5541051229,0.4636,93e7858c-a37d-4f69-b11d-7fb6baa13687,18445681
138,285.7909380595,0.7632,7eb560fc-0493-47be-a901-23d2a230ff7e,18899320
139,285.0959536235,0.6950,7ad69798-18cd-42ec-b155-efe43a9f7a90,19353727
140,284.5704778035,0.5255,072efdd2-9db3-4d4c-9f91-7ab70d2d8706,19811910
141,283.9865341187,0.5839,41cc691e-5161-4630-849a-3557754121c7,20260877
142,283.3260714213,0.6605,1a9b0445-9f6c-4310-a4d5-47cdb1a4f07b,20712340
143,282.8617248535,0.4643,6b8a27b0-712d-411e-bfb6-9f0b9b4af8c7,21160155
144,282.4116134644,0.4501,151dd333-580d-40d9-be95-cb0cfd2d9640,21608802
145,281.8016141256,0.6100,d42b113b-f25e-47f8-b21f-d3086d492489,22058793
146,281.3167419434,0.4849,8e115975-aa1f-4d0f-867d-387dd021d6b1,22510320
147,280.6805992126,0.6361,086e8714-a374-47c5-b7e1-ca1ea5fc178f,22959543
148,280.2135276794,0.4671,c6f0b3d6-0d1c-4103-8f09-8286b7c0e925,23407998
149,279.5982119242,0.6153,0c0ec08c-bff0-4654-a6cf-715a07c6f969,23854405
150,279.0720481873,0.5262,de3bdc97-a579-4a5b-8cbe-879ccc0bf4b2,24310156
151,278.5861816406,0.4859,2237de34-6376-4822-9995-92bf28fe37cb,24756179
152,278.0357640584,0.5504,01889fd2-0247-4672-ad95-11b4dc681382,25213786
153,277.1596603394,0.8761,b6482ffb-e97b-4813-aa59-5e6f5bdd1690,25669729
154,276.3090744019,0.8506,477252bb-7254-4296-a663-46b2d39d4b3e,26122984
155,275.4078280131,0.9012,b0a15120-6a74-46bd-a553-8b9a812b0eee,26570927
156,274.9309145610,0.4769,eef9df14-9eac-4c4f-992e-f259a030cd6a,27026422
157,274.4565175374,0.4744,48e49dd0-81fb-4251-b96b-e70a6f917a2e,27478525
158,273.7546717326,0.7018,b36c33d8-4928-43e8-9abf-489467ba8ae9,27933124
159,273.0969289144,0.6577,0a71e708-062c-4e92-81b8-39b26dd85cf5,28380107
160,271.8104705811,1.2865,c6cbb6ea-5566-4629-b95b-613d14c426d8,28833426
161,271.2112515767,0.5992,46a8d638-35c6-49db-a819-a9cee8767621,29286617
162,270.6466153463,0.5646,bc8751b1-7e8d-4fc6-a39e-b4fe6f22e194,29732640
163,270.2526143392,0.3940,e57b4410-a0a7-48ee-bf02-97106a73f531,30180263
164,269.4818789164,0.7707,d22f04be-3ec7-4b7b-a798-bf8df0e34be4,30626670
165,269.0787137349,0.4032,83f8389e-47ca-43fb-aaf3-1f9181824dfd,31074357
166,267.6809768677,1.3977,f06eeda5-66e9-46cf-ae49-ae41f714c1bb,31528124
167,267.0767682393,0.6042,3f8e13e3-ac6c-4aea-9dec-2d371c3bbdee,31974467
168,266.7043431600,0.3724,977fc377-fc13-4018-bc0c-a01d0a01f651,32423946
169,266.0602963765,0.6440,c3ced527-670f-44c4-8c79-52f9def33709,32875281
170,265.6868286133,0.3735,46e2a1e0-1dfa-4f44-bc04-b12aa49ed3e0,33322008
171,264.9553375244,0.7315,b1069b52-ef31-4bd8-83c8-702e810171bb,33769631
172,264.1415214539,0.8138,15639aba-8e11-4a74-bc9c-3d2f4edfa662,34224230
173,263.7019195557,0.4396,9e103971-bc97-4c37-9022-b1af8b1abacd,34673837
174,262.5133921305,1.1885,fca47436-e64a-4d2a-b122-22077d5da4e4,35121780
175,261.9532661438,0.5601,43a51a2d-411e-482a-aa9e-932672a1dafb,35575867
176,261.5597483317,0.3935,d678c820-ef2b-4ddb-9ac1-656b3dbbe8fd,36024002
177,261.0572789510,0.5025,883384cb-5864-48de-b746-53ba051fbc93,36471625
178,260.5551071167,0.5022,be2063d8-5964-48ee-a326-6f6bf4ada702,36919568
179,260.2210006714,0.3341,76435847-808d-47a5-9b6a-570487f9428e,37373463
180,259.8492113749,0.3718,273d17b1-a708-4791-b86d-260c34fa2971,37824414
181,258.9844042460,0.8648,fa686ff0-aec1-4819-a533-a6b62ad9dcbf,38272037
182,258.6384366353,0.3460,1a04ed24-758a-4d57-96fd-32df3bcc9350,38719340
183,257.9683303833,0.6701,ee7ba086-bae3-4667-8c8b-de71486f9b78,39166131
184,257.6393839518,0.3289,cad82d9a-7ccf-4692-9ff1-f2dbb9cc91ea,39617850
185,257.2999038696,0.3395,21c45753-9b83-4799-8c4d-614849fd9c83,40073217
186,256.1996866862,1.1002,6da9cc2e-4b18-452d-bb28-54257fb334b2,40524552
187,255.7281583150,0.4715,5dd6495a-2d25-4990-9f25-973011de9c3f,40975055
188,254.8531468709,0.8750,96c62071-d4d8-4f23-b366-de87dc5f9390,41426390
189,254.2884190877,0.5647,b4a80efa-d94b-42a0-b714-e76215c2b768,41882461
190,253.7486101786,0.5398,17ce2bc3-71b5-4625-9c33-ae4f17e568f1,42335844
191,253.3452936808,0.4033,3cc6ae4f-6400-4b93-99aa-586f042a8481,42788587
192,252.9918937683,0.3534,aa767dfd-8250-4fbe-9547-17f9c069a21a,43242098
193,252.6034736633,0.3884,06aff6d2-ea41-4a55-93a8-cb0bcffb91e7,43694009
194,252.0709635417,0.5325,63716986-5c5c-436f-abda-b14c5c09970f,44144128
195,251.6330006917,0.4380,5ab79dcd-0d3e-4244-8084-abbf93e51dcb,44594951
196,251.2769724528,0.3560,25e3efbb-6593-4e0c-b278-9abed9f7531b,45045262
197,250.8487040202,0.4283,af7e6b01-32f9-43ce-9014-02c865fb39f6,45491541
198,250.4643071493,0.3844,0dce39d4-9662-4078-abf1-f465389f7c27,45945436
199,249.9992624919,0.4650,caabccd3-dedf-4075-bda2-4add8fef974e,46395875
200,249.6659062703,0.3334,aa32a428-473d-4844-b9c8-f65156c36499,46845546
201,249.3754310608,0.2905,d2f2fa39-effc-4192-903f-0273dcb3a4a6,47291889
202,249.0632794698,0.3122,87aa1f72-4821-4876-bab5-0b96150c1fb8,47747832
203,248.7344589233,0.3288,e613719a-a7fc-491a-9464-e46b26cebb0a,48200191
204,248.3964258830,0.3380,8195f14b-3b22-47f7-93e2-c932e1353679,48659782
205,248.0140177409,0.3824,48d073d4-0675-483e-b780-614d32a66c51,49112525
206,247.6245816549,0.3894,6e079502-ffbc-4f0a-8887-f72aec33707e,49562068
207,247.3234456380,0.3011,66d57d1e-9d55-45f8-a272-b12e1d53eac7,50011163
208,246.9452082316,0.3782,9e5aaea9-2766-408d-be36-3d32e89469bb,50460194
209,246.4983673096,0.4468,659d1906-8c25-4ac2-b749-9a72114380cf,50916265
210,246.2015686035,0.2968,80bfacfb-67b6-4730-9322-16bba6ddbf8c,51369456
211,245.7956352234,0.4059,ec6ec33a-2cf0-4717-bbdc-9f0c02789f34,51815479
212,245.3559633891,0.4397,fa9e5fd6-9d08-493a-bf14-5675b638f7f3,52269566
213,244.9066403707,0.4493,7326543a-4f81-4f08-beb1-32525b8b9eb6,52721797
214,244.2350374858,0.6716,1daa55fd-49a4-438f-b5cb-86ee58c7762e,53174284
215,243.8603350321,0.3747,b461b0ca-5154-440e-8be2-0f6802f9adde,53621715
216,243.3463083903,0.5140,65f2ae6d-829a-4ddb-81ca-d5be8f55fc80,54074394
217,242.8159815470,0.5303,2fefd4ca-7d4f-4c82-b069-c851ab1443c3,54524769
218,242.3385302226,0.4775,e2d7acb2-6aeb-4988-9fb5-8982d5e97393,54976680
219,241.8842302958,0.4543,e083934d-8e5e-4cca-805f-a125f4ba281b,55433711
220,240.5924072266,1.2918,ab9b5109-7e7f-40a0-a677-43707ebc069c,55885046
221,240.1608276367,0.4316,34765534-1c20-4cdd-82bc-eef54b6584f5,56330877
222,239.7866350810,0.3742,4dc0276f-d328-4cbb-957e-e6747b0cea99,56786564
223,239.4594726562,0.3272,7bd2405e-7c0c-48f0-8271-43ac1804607e,57239947
224,238.9111785889,0.5483,e18fe100-6326-438a-8876-f981035acc34,57689810
225,238.4893252055,0.4219,1d2b3f77-2675-40b7-ad3a-c183930a97cb,58143705
226,238.1565399170,0.3328,797fa120-29b0-4698-9986-11f6e7d6432e,58591840
227,237.8783289591,0.2782,d5a4cb45-dca8-4e25-bee8-600047ec72f6,59042599
228,237.4306246440,0.4477,9b7d9f0b-c111-4194-b974-3ec248554cd7,59497774
229,237.1709238688,0.2597,08d48a37-1312-4193-92d5-453b3b4ecb69,59944245
230,236.9157422384,0.2552,c8d591bb-107a-40df-a5ba-a027f63d660b,60402364
231,236.6375427246,0.2782,a5e9e3f9-831b-45b3-a7b9-8d8082ebb341,60855363
232,236.3648134867,0.2727,72ab2770-89bb-4041-88a6-f2315bc04ab5,61309706
233,236.0731379191,0.2917,c43c9b96-ca87-4821-a9f1-87e894977a89,61764497
