regime,qmc,block,seed,iters,evals,bestCost,initialCost,termination
mid,halton,1,7001,512,203011,1100.544703,nan,completed
mid,halton,2,7002,512,203011,1065.727158,nan,completed
mid,halton,3,7003,512,203011,1049.377218,nan,completed
mid,halton,4,7004,512,203011,954.571699,nan,completed
mid,halton,5,7005,512,203011,1269.473378,nan,completed
mid,halton,6,7006,512,203011,1060.382868,nan,completed
mid,halton,7,7007,512,203011,1192.316851,nan,completed
mid,halton,8,7008,512,203011,1176.843550,nan,completed
mid,halton,9,7009,512,203011,1002.087123,nan,completed
mid,halton,10,7010,512,203011,929.408656,nan,completed
mid,halton,11,7011,512,203011,1194.355839,nan,completed
mid,halton,12,7012,512,203011,959.222876,nan,completed
mid,halton,13,7013,512,203011,1254.739062,nan,completed
mid,halton,14,7014,512,203011,1128.362755,nan,completed
mid,halton,15,7015,512,203011,1312.748441,nan,completed
mid,halton,16,7016,512,203011,1243.397346,nan,completed
mid,halton,17,7017,512,203011,1261.479249,nan,completed
mid,halton,18,7018,512,203011,1180.423996,nan,completed
mid,halton,19,7019,512,203011,972.007565,nan,completed
mid,halton,20,7020,512,203011,1276.122533,nan,completed
mid,halton,21,7021,512,203011,1260.309896,nan,completed
mid,halton,22,7022,512,203011,1015.133461,nan,completed
mid,halton,23,7023,512,203011,1346.452922,nan,completed
mid,halton,24,7024,512,203011,1263.133564,nan,completed
mid,halton,25,7025,512,203011,1168.259425,nan,completed
mid,halton,26,7026,512,203011,1084.724303,nan,completed
mid,halton,27,7027,512,203011,1268.165466,nan,completed
mid,halton,28,7028,512,203011,1163.033822,nan,completed
mid,halton,29,7029,512,203011,1274.185645,nan,completed
mid,halton,30,7030,512,203011,1085.236013,nan,completed
mid,halton,31,7031,512,203011,1019.933774,nan,completed
mid,halton,32,7032,512,203011,1169.572303,nan,completed
mid,halton,33,7033,512,203011,1238.389769,nan,completed
mid,halton,34,7034,512,203011,1171.572934,nan,completed
mid,halton,35,7035,512,203011,1261.887580,nan,completed
mid,halton,36,7036,512,203011,1184.623809,nan,completed
mid,halton,37,7037,512,203011,932.857422,nan,completed
mid,halton,38,7038,512,203011,1213.252415,nan,completed
mid,halton,39,7039,512,203011,1234.376729,nan,completed
mid,halton,40,7040,512,203011,1212.139914,nan,completed
mid,sobol,1,7001,512,203011,1349.453620,nan,completed
mid,sobol,2,7002,512,203011,1312.671457,nan,completed
mid,sobol,3,7003,512,203011,1266.706601,nan,completed
mid,sobol,4,7004,512,203011,1194.000587,nan,completed
mid,sobol,5,7005,512,203011,1201.043310,nan,completed
mid,sobol,6,7006,512,203011,1286.495130,nan,completed
mid,sobol,7,7007,512,203011,1286.108308,nan,completed
mid,sobol,8,7008,512,203011,939.633968,nan,completed
mid,sobol,9,7009,512,203011,1045.587190,nan,completed
mid,sobol,10,7010,512,203011,1037.515900,nan,completed
mid,sobol,11,7011,512,203011,1306.473000,nan,completed
mid,sobol,12,7012,512,203011,1153.846488,nan,completed
mid,sobol,13,7013,512,203011,1110.158946,nan,completed
mid,sobol,14,7014,512,203011,1235.405251,nan,completed
mid,sobol,15,7015,512,203011,1012.249009,nan,completed
mid,sobol,16,7016,512,203011,1323.142619,nan,completed
mid,sobol,17,7017,512,203011,999.976714,nan,completed
mid,sobol,18,7018,512,203011,1179.002007,nan,completed
mid,sobol,19,7019,512,203011,1261.738105,nan,completed
mid,sobol,20,7020,512,203011,1070.818024,nan,completed
mid,sobol,21,7021,512,203011,1153.520242,nan,completed
mid,sobol,22,7022,512,203011,1284.002585,nan,completed
mid,sobol,23,7023,512,203011,1177.211997,nan,completed
mid,sobol,24,7024,512,203011,1017.424137,nan,completed
mid,sobol,25,7025,512,203011,1173.647950,nan,completed
mid,sobol,26,7026,512,203011,1224.030552,nan,completed
mid,sobol,27,7027,512,203011,1348.979869,nan,completed
mid,sobol,28,7028,512,203011,1274.268429,nan,completed
mid,sobol,29,7029,512,203011,1337.018237,nan,completed
mid,sobol,30,7030,512,203011,1002.219004,nan,completed
mid,sobol,31,7031,512,203011,1067.244527,nan,completed
mid,sobol,32,7032,512,203011,1312.098848,nan,completed
mid,sobol,33,7033,512,203011,1315.125674,nan,completed
mid,sobol,34,7034,512,203011,1258.990472,nan,completed
mid,sobol,35,7035,512,203011,1123.315996,nan,completed
mid,sobol,36,7036,512,203011,1316.242088,nan,completed
mid,sobol,37,7037,512,203011,1292.302692,nan,completed
mid,sobol,38,7038,512,203011,981.201216,nan,completed
mid,sobol,39,7039,512,203011,1036.506282,nan,completed
mid,sobol,40,7040,512,203011,1296.345886,nan,completed
mid,uniform,1,7001,512,203011,1266.551317,nan,completed
mid,uniform,2,7002,512,203011,1085.603774,nan,completed
mid,uniform,3,7003,512,203011,1196.234586,nan,completed
mid,uniform,4,7004,512,203011,1302.683993,nan,completed
mid,uniform,5,7005,512,203011,1238.595673,nan,completed
mid,uniform,6,7006,512,203011,1230.580800,nan,completed
mid,uniform,7,7007,512,203011,1102.048064,nan,completed
mid,uniform,8,7008,512,203011,1283.700583,nan,completed
mid,uniform,9,7009,512,203011,1178.661130,nan,completed
mid,uniform,10,7010,512,203011,1309.763814,nan,completed
mid,uniform,11,7011,512,203011,964.260539,nan,completed
mid,uniform,12,7012,512,203011,986.618329,nan,completed
mid,uniform,13,7013,512,203011,1185.606232,nan,completed
mid,uniform,14,7014,512,203011,1219.912406,nan,completed
mid,uniform,15,7015,512,203011,1053.462921,nan,completed
mid,uniform,16,7016,512,203011,1293.821075,nan,completed
mid,uniform,17,7017,512,203011,1051.992997,nan,completed
mid,uniform,18,7018,512,203011,1280.043953,nan,completed
mid,uniform,19,7019,512,203011,983.709971,nan,completed
mid,uniform,20,7020,512,203011,1271.154312,nan,completed
mid,uniform,21,7021,512,203011,946.546047,nan,completed
mid,uniform,22,7022,512,203011,903.219067,nan,completed
mid,uniform,23,7023,512,203011,1153.148964,nan,completed
mid,uniform,24,7024,512,203011,1274.353978,nan,completed
mid,uniform,25,7025,512,203011,1086.125205,nan,completed
mid,uniform,26,7026,512,203011,1293.033822,nan,completed
mid,uniform,27,7027,512,203011,1156.226635,nan,completed
mid,uniform,28,7028,512,203011,1095.394496,nan,completed
mid,uniform,29,7029,512,203011,1308.621806,nan,completed
mid,uniform,30,7030,512,203011,1368.351267,nan,completed
mid,uniform,31,7031,512,203011,1106.688616,nan,completed
mid,uniform,32,7032,512,203011,1198.679375,nan,completed
mid,uniform,33,7033,512,203011,1141.957417,nan,completed
mid,uniform,34,7034,512,203011,934.714925,nan,completed
mid,uniform,35,7035,512,203011,1112.771600,nan,completed
mid,uniform,36,7036,512,203011,996.489390,nan,completed
mid,uniform,37,7037,512,203011,1201.517850,nan,completed
mid,uniform,38,7038,512,203011,1312.687471,nan,completed
mid,uniform,39,7039,512,203011,1060.345662,nan,completed
mid,uniform,40,7040,512,203011,1257.909197,nan,completed
prod,halton,1,7001,512,1627139,982.617556,nan,completed
prod,halton,2,7002,512,1627139,1264.689846,nan,completed
prod,halton,3,7003,512,1627139,989.100030,nan,completed
prod,halton,4,7004,512,1627139,1228.475775,nan,completed
prod,halton,5,7005,512,1627139,1185.251984,nan,completed
prod,halton,6,7006,512,1627139,853.867601,nan,completed
prod,halton,7,7007,512,1627139,964.946466,nan,completed
prod,halton,8,7008,512,1627139,1255.150346,nan,completed
prod,halton,9,7009,512,1627139,1118.412473,nan,completed
prod,halton,10,7010,512,1627139,1202.565428,nan,completed
prod,halton,11,7011,512,1627139,1144.545962,nan,completed
prod,halton,12,7012,512,1627139,1269.556863,nan,completed
prod,halton,13,7013,512,1627139,1116.493776,nan,completed
prod,halton,14,7014,512,1627139,934.404336,nan,completed
prod,halton,15,7015,512,1627139,1273.032574,nan,completed
prod,halton,16,7016,512,1627139,1144.068834,nan,completed
prod,sobol,1,7001,512,1627139,1271.222691,nan,completed
prod,sobol,2,7002,512,1627139,961.485546,nan,completed
prod,sobol,3,7003,512,1627139,1257.122807,nan,completed
prod,sobol,4,7004,512,1627139,1009.316373,nan,completed
prod,sobol,5,7005,512,1627139,1088.651271,nan,completed
prod,sobol,6,7006,512,1627139,1221.783499,nan,completed
prod,sobol,7,7007,512,1627139,981.316612,nan,completed
prod,sobol,8,7008,512,1627139,888.244359,nan,completed
prod,sobol,9,7009,512,1627139,1195.473604,nan,completed
prod,sobol,10,7010,512,1627139,1101.964919,nan,completed
prod,sobol,11,7011,512,1627139,1042.175995,nan,completed
prod,sobol,12,7012,512,1627139,1206.582041,nan,completed
prod,sobol,13,7013,512,1627139,1128.912203,nan,completed
prod,sobol,14,7014,512,1627139,1138.769174,nan,completed
prod,sobol,15,7015,512,1627139,1166.310955,nan,completed
prod,sobol,16,7016,512,1627139,1115.167226,nan,completed
prod,uniform,1,7001,512,1627139,1167.960154,nan,completed
prod,uniform,2,7002,512,1627139,859.250603,nan,completed
prod,uniform,3,7003,512,1627139,1269.789731,nan,completed
prod,uniform,4,7004,512,1627139,1364.129718,nan,completed
prod,uniform,5,7005,512,1627139,948.993417,nan,completed
prod,uniform,6,7006,512,1627139,1016.568055,nan,completed
prod,uniform,7,7007,512,1627139,1173.178146,nan,completed
prod,uniform,8,7008,512,1627139,1136.919871,nan,completed
prod,uniform,9,7009,512,1627139,1026.201251,nan,completed
prod,uniform,10,7010,512,1627139,1077.365257,nan,completed
prod,uniform,11,7011,512,1627139,1211.631285,nan,completed
prod,uniform,12,7012,512,1627139,1230.991346,nan,completed
prod,uniform,13,7013,512,1627139,1151.576862,nan,completed
prod,uniform,14,7014,512,1627139,1216.242469,nan,completed
prod,uniform,15,7015,512,1627139,1314.058365,nan,completed
prod,uniform,16,7016,512,1627139,939.593871,nan,completed
scarce,halton,1,7001,128,25475,1320.233304,nan,completed
scarce,halton,2,7002,128,25475,1185.123055,nan,completed
scarce,halton,3,7003,128,25475,1249.010806,nan,completed
scarce,halton,4,7004,128,25475,1283.017783,nan,completed
scarce,halton,5,7005,128,25475,1220.292077,nan,completed
scarce,halton,6,7006,128,25475,1304.220226,nan,completed
scarce,halton,7,7007,128,25475,1235.314599,nan,completed
scarce,halton,8,7008,128,25475,1373.195708,nan,completed
scarce,halton,9,7009,128,25475,1262.297146,nan,completed
scarce,halton,10,7010,128,25475,1182.304984,nan,completed
scarce,halton,11,7011,128,25475,1218.121984,nan,completed
scarce,halton,12,7012,128,25475,1213.685776,nan,completed
scarce,halton,13,7013,128,25475,1264.351869,nan,completed
scarce,halton,14,7014,128,25475,1403.171939,nan,completed
scarce,halton,15,7015,128,25475,1243.664917,nan,completed
scarce,halton,16,7016,128,25475,1292.452947,nan,completed
scarce,halton,17,7017,128,25475,1008.817689,nan,completed
scarce,halton,18,7018,128,25475,1361.329769,nan,completed
scarce,halton,19,7019,128,25475,1433.930439,nan,completed
scarce,halton,20,7020,128,25475,973.179097,nan,completed
scarce,halton,21,7021,128,25475,995.528501,nan,completed
scarce,halton,22,7022,128,25475,994.517017,nan,completed
scarce,halton,23,7023,128,25475,1354.098292,nan,completed
scarce,halton,24,7024,128,25475,1334.032336,nan,completed
scarce,halton,25,7025,128,25475,1155.316040,nan,completed
scarce,halton,26,7026,128,25475,1230.385478,nan,completed
scarce,halton,27,7027,128,25475,1024.592317,nan,completed
scarce,halton,28,7028,128,25475,1299.734952,nan,completed
scarce,halton,29,7029,128,25475,1317.355320,nan,completed
scarce,halton,30,7030,128,25475,1234.169757,nan,completed
scarce,halton,31,7031,128,25475,1183.128050,nan,completed
scarce,halton,32,7032,128,25475,1273.336411,nan,completed
scarce,halton,33,7033,128,25475,1342.316586,nan,completed
scarce,halton,34,7034,128,25475,1180.015213,nan,completed
scarce,halton,35,7035,128,25475,1219.986821,nan,completed
scarce,halton,36,7036,128,25475,1222.618437,nan,completed
scarce,halton,37,7037,128,25475,1362.636040,nan,completed
scarce,halton,38,7038,128,25475,1279.793137,nan,completed
scarce,halton,39,7039,128,25475,1273.128218,nan,completed
scarce,halton,40,7040,128,25475,1367.053018,nan,completed
scarce,sobol,1,7001,128,25475,1197.985366,nan,completed
scarce,sobol,2,7002,128,25475,1141.203714,nan,completed
scarce,sobol,3,7003,128,25475,1313.301250,nan,completed
scarce,sobol,4,7004,128,25475,1265.506666,nan,completed
scarce,sobol,5,7005,128,25475,1329.822333,nan,completed
scarce,sobol,6,7006,128,25475,1215.065201,nan,completed
scarce,sobol,7,7007,128,25475,1264.964410,nan,completed
scarce,sobol,8,7008,128,25475,1290.321339,nan,completed
scarce,sobol,9,7009,128,25475,1188.982660,nan,completed
scarce,sobol,10,7010,128,25475,963.089465,nan,completed
scarce,sobol,11,7011,128,25475,1047.587456,nan,completed
scarce,sobol,12,7012,128,25475,1110.526751,nan,completed
scarce,sobol,13,7013,128,25475,1301.182198,nan,completed
scarce,sobol,14,7014,128,25475,1146.894016,nan,completed
scarce,sobol,15,7015,128,25475,1294.318731,nan,completed
scarce,sobol,16,7016,128,25475,1018.652131,nan,completed
scarce,sobol,17,7017,128,25475,1402.394708,nan,completed
scarce,sobol,18,7018,128,25475,1202.652476,nan,completed
scarce,sobol,19,7019,128,25475,1405.461994,nan,completed
scarce,sobol,20,7020,128,25475,1317.532819,nan,completed
scarce,sobol,21,7021,128,25475,1169.881135,nan,completed
scarce,sobol,22,7022,128,25475,1453.929843,nan,completed
scarce,sobol,23,7023,128,25475,1185.180614,nan,completed
scarce,sobol,24,7024,128,25475,1353.224925,nan,completed
scarce,sobol,25,7025,128,25475,1140.009323,nan,completed
scarce,sobol,26,7026,128,25475,1181.322247,nan,completed
scarce,sobol,27,7027,128,25475,1274.458843,nan,completed
scarce,sobol,28,7028,128,25475,1145.888776,nan,completed
scarce,sobol,29,7029,128,25475,1109.895650,nan,completed
scarce,sobol,30,7030,128,25475,1359.377513,nan,completed
scarce,sobol,31,7031,128,25475,1087.405427,nan,completed
scarce,sobol,32,7032,128,25475,1332.423845,nan,completed
scarce,sobol,33,7033,128,25475,1263.853840,nan,completed
scarce,sobol,34,7034,128,25475,1325.940512,nan,completed
scarce,sobol,35,7035,128,25475,1108.848790,nan,completed
scarce,sobol,36,7036,128,25475,1105.748327,nan,completed
scarce,sobol,37,7037,128,25475,1367.083934,nan,completed
scarce,sobol,38,7038,128,25475,1329.341342,nan,completed
scarce,sobol,39,7039,128,25475,1255.771493,nan,completed
scarce,sobol,40,7040,128,25475,1331.898692,nan,completed
scarce,uniform,1,7001,128,25475,1410.419989,nan,completed
scarce,uniform,2,7002,128,25475,1067.060340,nan,completed
scarce,uniform,3,7003,128,25475,1185.217538,nan,completed
scarce,uniform,4,7004,128,25475,1270.992409,nan,completed
scarce,uniform,5,7005,128,25475,1328.983982,nan,completed
scarce,uniform,6,7006,128,25475,1182.961473,nan,completed
scarce,uniform,7,7007,128,25475,1367.730110,nan,completed
scarce,uniform,8,7008,128,25475,1074.482072,nan,completed
scarce,uniform,9,7009,128,25475,1371.147182,nan,completed
scarce,uniform,10,7010,128,25475,1288.889083,nan,completed
scarce,uniform,11,7011,128,25475,1364.799773,nan,completed
scarce,uniform,12,7012,128,25475,1371.021921,nan,completed
scarce,uniform,13,7013,128,25475,1039.655813,nan,completed
scarce,uniform,14,7014,128,25475,1162.125635,nan,completed
scarce,uniform,15,7015,128,25475,1196.149971,nan,completed
scarce,uniform,16,7016,128,25475,1284.145022,nan,completed
scarce,uniform,17,7017,128,25475,1119.384190,nan,completed
scarce,uniform,18,7018,128,25475,1153.504712,nan,completed
scarce,uniform,19,7019,128,25475,1277.565834,nan,completed
scarce,uniform,20,7020,128,25475,1136.937806,nan,completed
scarce,uniform,21,7021,128,25475,1160.129211,nan,completed
scarce,uniform,22,7022,128,25475,1317.641233,nan,completed
scarce,uniform,23,7023,128,25475,1359.710163,nan,completed
scarce,uniform,24,7024,128,25475,1205.187566,nan,completed
scarce,uniform,25,7025,128,25475,1282.047228,nan,completed
scarce,uniform,26,7026,128,25475,1190.801970,nan,completed
scarce,uniform,27,7027,128,25475,1203.568058,nan,completed
scarce,uniform,28,7028,128,25475,1265.371863,nan,completed
scarce,uniform,29,7029,128,25475,1392.794707,nan,completed
scarce,uniform,30,7030,128,25475,1307.117527,nan,completed
scarce,uniform,31,7031,128,25475,1344.415831,nan,completed
scarce,uniform,32,7032,128,25475,1308.877850,nan,completed
scarce,uniform,33,7033,128,25475,1222.404349,nan,completed
scarce,uniform,34,7034,128,25475,1219.248131,nan,completed
scarce,uniform,35,7035,128,25475,1285.153403,nan,completed
scarce,uniform,36,7036,128,25475,1416.773088,nan,completed
scarce,uniform,37,7037,128,25475,1123.448573,nan,completed
scarce,uniform,38,7038,128,25475,1231.087462,nan,completed
scarce,uniform,39,7039,128,25475,1274.638163,nan,completed
scarce,uniform,40,7040,128,25475,981.733382,nan,completed
